area,prov,dist,sex,area_name,sexname,rowtotal,a_humnty,b_mgm,c_edu,d_science,e_medicine,f_enginring,g_law,h_agri,i_forstry,j_vetnry,k_computr,l_others,m_notstd
10,0,0,0,"Nepal","Total",3979327,458363,1397689,1192229,284589,173160,119679,29869,25918,12944,9323,45490,70940,159134
10,0,0,1,"Nepal","Male",2133835,245259,787691,525384,188508,69715,102112,20945,15038,7859,6626,34507,42478,87713
10,0,0,2,"Nepal","Female",1845492,213104,609998,666845,96081,103445,17567,8924,10880,5085,2697,10983,28462,71421
21,0,0,0,"Urban Munipalities","Total",3166454,383031,1211153,805628,246704,146648,103185,26811,19012,9540,6597,40397,57875,109873
21,0,0,1,"Urban Munipalities","Male",1689114,200322,678748,339374,160658,56563,87465,18697,11124,5848,4672,30729,34471,60443
21,0,0,2,"Urban Munipalities","Female",1477340,182709,532405,466254,86046,90085,15720,8114,7888,3692,1925,9668,23404,49430
22,0,0,0,"Rural Municipalities","Total",812873,75332,186536,386601,37885,26512,16494,3058,6906,3404,2726,5093,13065,49261
22,0,0,1,"Rural Municipalities","Male",444721,44937,108943,186010,27850,13152,14647,2248,3914,2011,1954,3778,8007,27270
22,0,0,2,"Rural Municipalities","Female",368152,30395,77593,200591,10035,13360,1847,810,2992,1393,772,1315,5058,21991
31,0,0,0,"Mountain","Total",184525,17567,31392,98495,6063,6811,4674,808,2634,907,891,1265,2787,10231
31,0,0,1,"Mountain","Male",104569,10866,18300,52351,4484,2983,4020,583,1403,544,577,892,1765,5801
31,0,0,2,"Mountain","Female",79956,6701,13092,46144,1579,3828,654,225,1231,363,314,373,1022,4430
32,0,0,0,"Hill","Total",2048285,266816,749880,566337,143418,84095,64496,19027,11593,5363,3960,28312,35443,69545
32,0,0,1,"Hill","Male",1072128,137128,414253,243913,90932,28651,53360,12934,6372,3124,2666,21470,20474,36851
32,0,0,2,"Hill","Female",976157,129688,335627,322424,52486,55444,11136,6093,5221,2239,1294,6842,14969,32694
33,0,0,0,"Tarai","Total",1746517,173980,616417,527397,135108,82254,50509,10034,11691,6674,4472,15913,32710,79358
33,0,0,1,"Tarai","Male",957138,97265,355138,229120,93092,38081,44732,7428,7263,4191,3383,12145,20239,45061
33,0,0,2,"Tarai","Female",789379,76715,261279,298277,42016,44173,5777,2606,4428,2483,1089,3768,12471,34297
40,1,0,0,"Province-1","Total",611369,75133,213612,205597,39031,22399,12807,4230,2807,1940,1282,5190,9761,17580
40,1,0,1,"Province-1","Male",317065,41584,118894,85683,25458,8312,10981,3170,1488,1178,965,3977,6206,9169
40,1,0,2,"Province-1","Female",294304,33549,94718,119914,13573,14087,1826,1060,1319,762,317,1213,3555,8411
40,2,0,0,"Madhesh","Total",506471,36613,153041,165383,45433,28118,23521,2517,3039,3105,1522,3769,10187,30223
40,2,0,1,"Madhesh","Male",317858,23911,98006,85883,34429,17832,21658,1970,2164,2079,1299,2968,6621,19038
40,2,0,2,"Madhesh","Female",188613,12702,55035,79500,11004,10286,1863,547,875,1026,223,801,3566,11185
40,3,0,0,"Bagmati","Total",1428328,204082,615041,256741,119088,66277,53523,15245,6510,3415,2396,25362,27955,32693
40,3,0,1,"Bagmati","Male",755691,100391,340085,104488,74112,21575,44315,10209,3723,2020,1634,19351,15929,17859
40,3,0,2,"Bagmati","Female",672637,103691,274956,152253,44976,44702,9208,5036,2787,1395,762,6011,12026,14834
40,4,0,0,"Gandaki","Total",388191,40085,139818,124986,24276,13656,9031,2224,2445,1260,859,3067,5961,20523
40,4,0,1,"Gandaki","Male",193639,22460,74846,48285,15370,4282,7570,1703,1364,664,590,2306,3739,10460
40,4,0,2,"Gandaki","Female",194552,17625,64972,76701,8906,9374,1461,521,1081,596,269,761,2222,10063
40,5,0,0,"Lumbini","Total",559243,53900,173425,205014,37295,22818,11242,3419,4806,1454,1322,4806,10118,29624
40,5,0,1,"Lumbini","Male",285723,30100,96167,84388,24475,8977,9607,2361,2901,827,912,3558,5889,15561
40,5,0,2,"Lumbini","Female",273520,23800,77258,120626,12820,13841,1635,1058,1905,627,410,1248,4229,14063
40,6,0,0,"Karnali","Total",183935,12492,22058,110570,6167,7833,3810,952,2948,806,873,1129,1988,12309
40,6,0,1,"Karnali","Male",101325,7551,12524,58234,4580,3485,3144,603,1525,497,548,775,1174,6685
40,6,0,2,"Karnali","Female",82610,4941,9534,52336,1587,4348,666,349,1423,309,325,354,814,5624
40,7,0,0,"Sudur Paschim","Total",301790,36058,80694,123938,13299,12059,5745,1282,3363,964,1069,2167,4970,16182
40,7,0,1,"Sudur Paschim","Male",162534,19262,47169,58423,10084,5252,4837,929,1873,594,678,1572,2920,8941
40,7,0,2,"Sudur Paschim","Female",139256,16796,33525,65515,3215,6807,908,353,1490,370,391,595,2050,7241
50,1,1,0,"Taplejung","Total",12267,1574,2293,6528,387,283,275,69,79,30,37,95,82,535
50,1,1,1,"Taplejung","Male",6414,925,1309,3051,275,95,227,43,40,19,33,61,53,283
50,1,1,2,"Taplejung","Female",5853,649,984,3477,112,188,48,26,39,11,4,34,29,252
50,1,2,0,"Sankhuwasabha","Total",14277,1244,2868,7513,526,497,731,89,118,26,28,78,162,397
50,1,2,1,"Sankhuwasabha","Male",8000,779,1716,3631,396,188,695,68,62,10,24,62,138,231
50,1,2,2,"Sankhuwasabha","Female",6277,465,1152,3882,130,309,36,21,56,16,4,16,24,166
50,1,3,0,"Solukhumbu","Total",12371,936,2178,7510,396,361,124,56,129,44,31,83,232,291
50,1,3,1,"Solukhumbu","Male",6587,559,1245,3840,235,113,96,39,56,25,21,64,148,146
50,1,3,2,"Solukhumbu","Female",5784,377,933,3670,161,248,28,17,73,19,10,19,84,145
50,1,4,0,"Okhaldhunga","Total",15839,1492,2423,9045,433,472,245,71,193,71,79,65,339,911
50,1,4,1,"Okhaldhunga","Male",8007,847,1269,4332,292,166,196,53,72,44,40,46,198,452
50,1,4,2,"Okhaldhunga","Female",7832,645,1154,4713,141,306,49,18,121,27,39,19,141,459
50,1,5,0,"Khotang","Total",16124,2324,2502,9446,300,317,179,110,124,57,25,58,142,540
50,1,5,1,"Khotang","Male",8285,1347,1421,4486,195,120,140,77,56,33,19,42,79,270
50,1,5,2,"Khotang","Female",7839,977,1081,4960,105,197,39,33,68,24,6,16,63,270
50,1,6,0,"Bhojpur","Total",12141,1610,2427,6592,262,279,161,51,102,36,25,40,88,468
50,1,6,1,"Bhojpur","Male",6329,986,1404,3084,183,99,141,39,49,20,16,28,51,229
50,1,6,2,"Bhojpur","Female",5812,624,1023,3508,79,180,20,12,53,16,9,12,37,239
50,1,7,0,"Dhankuta","Total",16315,1484,3842,8806,642,462,238,84,96,61,73,95,139,293
50,1,7,1,"Dhankuta","Male",8022,899,2049,3699,453,195,195,68,66,46,54,71,90,137
50,1,7,2,"Dhankuta","Female",8293,585,1793,5107,189,267,43,16,30,15,19,24,49,156
50,1,8,0,"Terhathum","Total",10099,911,2011,5988,250,192,85,43,82,25,25,15,90,382
50,1,8,1,"Terhathum","Male",5198,611,1127,2751,176,78,72,34,45,13,19,10,54,208
50,1,8,2,"Terhathum","Female",4901,300,884,3237,74,114,13,9,37,12,6,5,36,174
50,1,9,0,"Panchthar","Total",17747,2082,3702,9766,536,379,193,109,88,112,39,59,125,557
50,1,9,1,"Panchthar","Male",8760,1249,2163,4061,379,149,168,74,38,57,31,41,77,273
50,1,9,2,"Panchthar","Female",8987,833,1539,5705,157,230,25,35,50,55,8,18,48,284
50,1,10,0,"Ilam","Total",34566,7247,8425,13872,1441,617,406,270,141,86,97,266,435,1263
50,1,10,1,"Ilam","Male",17301,3999,4632,5711,934,204,326,199,77,49,73,193,280,624
50,1,10,2,"Ilam","Female",17265,3248,3793,8161,507,413,80,71,64,37,24,73,155,639
50,1,11,0,"Jhapa","Total",139880,21187,60494,33524,8357,4559,1984,917,434,410,222,1869,2341,3582
50,1,11,1,"Jhapa","Male",71343,11366,33191,12057,5343,1452,1691,698,246,248,175,1425,1595,1856
50,1,11,2,"Jhapa","Female",68537,9821,27303,21467,3014,3107,293,219,188,162,47,444,746,1726
50,1,12,0,"Morang","Total",157688,15870,65788,38520,14504,7648,4208,1253,659,479,294,1345,2827,4293
50,1,12,1,"Morang","Male",84535,8643,37246,15485,9476,3013,3659,939,374,294,233,1082,1758,2333
50,1,12,2,"Morang","Female",73153,7227,28542,23035,5028,4635,549,314,285,185,61,263,1069,1960
50,1,13,0,"Sunsari","Total",118156,13747,46501,31041,9653,5430,3421,792,378,358,224,885,2447,3279
50,1,13,1,"Sunsari","Male",61607,7465,25436,12366,6210,2045,2913,630,212,234,166,686,1511,1733
50,1,13,2,"Sunsari","Female",56549,6282,21065,18675,3443,3385,508,162,166,124,58,199,936,1546
50,1,14,0,"Udayapur","Total",33899,3425,8158,17446,1344,903,557,316,184,145,83,237,312,789
50,1,14,1,"Udayapur","Male",16677,1909,4686,7129,911,395,462,209,95,86,61,166,174,394
50,1,14,2,"Udayapur","Female",17222,1516,3472,10317,433,508,95,107,89,59,22,71,138,395
50,2,15,0,"Saptari","Total",71578,4802,15069,24441,8453,5099,4925,435,493,523,251,560,1824,4703
50,2,15,1,"Saptari","Male",45301,3264,9559,12340,6662,2984,4585,357,328,344,220,455,1209,2994
50,2,15,2,"Saptari","Female",26277,1538,5510,12101,1791,2115,340,78,165,179,31,105,615,1709
50,2,16,0,"Siraha","Total",64347,4852,15509,22330,6472,3514,3405,260,507,302,265,438,1282,5211
50,2,16,1,"Siraha","Male",40468,3285,9890,11661,4972,2083,3140,208,328,218,217,357,845,3264
50,2,16,2,"Siraha","Female",23879,1567,5619,10669,1500,1431,265,52,179,84,48,81,437,1947
50,2,17,0,"Dhanusa","Total",81512,5693,25672,22894,8882,5118,5045,368,409,528,216,521,1511,4655
50,2,17,1,"Dhanusa","Male",51506,3608,16280,11620,6609,3319,4684,284,322,349,185,423,930,2893
50,2,17,2,"Dhanusa","Female",30006,2085,9392,11274,2273,1799,361,84,87,179,31,98,581,1762
50,2,18,0,"Mahottari","Total",52688,3748,14247,18160,4213,3051,2740,225,319,294,200,428,1070,3993
50,2,18,1,"Mahottari","Male",33035,2466,9137,9333,3227,2020,2541,169,225,199,172,342,701,2503
50,2,18,2,"Mahottari","Female",19653,1282,5110,8827,986,1031,199,56,94,95,28,86,369,1490
50,2,19,0,"Sarlahi","Total",70708,4450,24396,24619,4626,3651,2101,309,387,436,194,564,1371,3604
50,2,19,1,"Sarlahi","Male",42681,2910,15010,12560,3440,2358,1918,242,283,256,159,452,917,2176
50,2,19,2,"Sarlahi","Female",28027,1540,9386,12059,1186,1293,183,67,104,180,35,112,454,1428
50,2,20,0,"Rautahat","Total",51315,4346,11959,20164,3464,3164,1653,227,311,334,194,507,1399,3593
50,2,20,1,"Rautahat","Male",32878,2926,7724,11304,2629,2240,1518,196,240,253,182,379,938,2349
50,2,20,2,"Rautahat","Female",18437,1420,4235,8860,835,924,135,31,71,81,12,128,461,1244
50,2,21,0,"Bara","Total",54591,4279,20782,17807,3493,1972,1410,262,363,426,113,343,1011,2330
50,2,21,1,"Bara","Male",33733,2762,13409,9179,2652,1200,1288,198,248,277,90,258,643,1529
50,2,21,2,"Bara","Female",20858,1517,7373,8628,841,772,122,64,115,149,23,85,368,801
50,2,22,0,"Parsa","Total",59732,4443,25407,14968,5830,2549,2242,431,250,262,89,408,719,2134
50,2,22,1,"Parsa","Male",38256,2690,16997,7886,4238,1628,1984,316,190,183,74,302,438,1330
50,2,22,2,"Parsa","Female",21476,1753,8410,7082,1592,921,258,115,60,79,15,106,281,804
50,3,23,0,"Dolakha","Total",19842,1889,5297,8795,853,660,622,89,284,127,98,193,314,621
50,3,23,1,"Dolakha","Male",10356,1073,2958,4086,585,206,536,62,121,62,63,134,181,289
50,3,23,2,"Dolakha","Female",9486,816,2339,4709,268,454,86,27,163,65,35,59,133,332
50,3,24,0,"Sindhupalchok","Total",25112,3444,6838,10833,924,525,476,118,157,104,100,193,293,1107
50,3,24,1,"Sindhupalchok","Male",12740,1921,3643,4841,611,189,397,82,78,55,59,119,173,572
50,3,24,2,"Sindhupalchok","Female",12372,1523,3195,5992,313,336,79,36,79,49,41,74,120,535
50,3,25,0,"Rasuwa","Total",5420,408,1862,2166,233,154,107,21,29,13,22,38,138,229
50,3,25,1,"Rasuwa","Male",3000,266,1045,1087,164,50,95,17,17,8,19,26,83,123
50,3,25,2,"Rasuwa","Female",2420,142,817,1079,69,104,12,4,12,5,3,12,55,106
50,3,26,0,"Dhading","Total",35656,3689,12576,13208,1359,928,549,190,220,136,93,270,547,1891
50,3,26,1,"Dhading","Male",17545,1985,6695,5326,929,344,470,120,103,78,65,184,306,940
50,3,26,2,"Dhading","Female",18111,1704,5881,7882,430,584,79,70,117,58,28,86,241,951
50,3,27,0,"Nuwakot","Total",27764,2671,11127,9882,1055,718,397,86,117,144,77,238,238,1014
50,3,27,1,"Nuwakot","Male",14063,1567,6073,4027,704,253,340,58,59,66,59,173,148,536
50,3,27,2,"Nuwakot","Female",13701,1104,5054,5855,351,465,57,28,58,78,18,65,90,478
50,3,28,0,"Kathmandu","Total",713027,109705,330592,86460,67288,34711,29011,9449,2259,784,619,14893,16029,11227
50,3,28,1,"Kathmandu","Male",383244,51929,184670,33789,41856,11157,24089,6347,1363,517,387,11440,9084,6616
50,3,28,2,"Kathmandu","Female",329783,57776,145922,52671,25432,23554,4922,3102,896,267,232,3453,6945,4611
50,3,29,0,"Bhaktapur","Total",129995,21808,54710,17684,12404,6891,6480,2027,413,342,101,2536,2225,2374
50,3,29,1,"Bhaktapur","Male",69848,11190,30083,7181,7683,2068,5270,1360,237,200,70,1979,1236,1291
50,3,29,2,"Bhaktapur","Female",60147,10618,24627,10503,4721,4823,1210,667,176,142,31,557,989,1083
50,3,30,0,"Lalitpur","Total",177751,29283,79742,18693,15774,8783,9164,1825,682,444,223,3819,4100,5219
50,3,30,1,"Lalitpur","Male",94967,13696,43509,7635,9561,2989,7491,1184,449,268,140,2959,2262,2824
50,3,30,2,"Lalitpur","Female",82784,15587,36233,11058,6213,5794,1673,641,233,176,83,860,1838,2395
50,3,31,0,"Kavrepalanchok","Total",55477,6052,23341,14238,3858,1883,1329,395,252,155,112,861,704,2297
50,3,31,1,"Kavrepalanchok","Male",28623,3269,12688,5921,2285,624,1054,233,147,79,84,613,430,1196
50,3,31,2,"Kavrepalanchok","Female",26854,2783,10653,8317,1573,1259,275,162,105,76,28,248,274,1101
50,3,32,0,"Ramechhap","Total",16200,2261,3095,7768,554,472,357,87,120,123,66,103,310,884
50,3,32,1,"Ramechhap","Male",8053,1231,1654,3419,375,175,282,69,55,69,35,74,169,446
50,3,32,2,"Ramechhap","Female",8147,1030,1441,4349,179,297,75,18,65,54,31,29,141,438
50,3,33,0,"Sindhuli","Total",30543,2224,5805,17586,1159,747,556,152,364,193,137,136,397,1087
50,3,33,1,"Sindhuli","Male",15628,1280,3246,8244,782,289,448,104,170,108,100,93,210,554
50,3,33,2,"Sindhuli","Female",14915,944,2559,9342,377,458,108,48,194,85,37,43,187,533
50,3,34,0,"Makwanpur","Total",55201,7599,22143,16278,2973,1435,1207,287,320,361,185,435,737,1241
50,3,34,1,"Makwanpur","Male",28224,4021,12321,6366,1916,436,1035,160,149,240,135,318,457,670
50,3,34,2,"Makwanpur","Female",26977,3578,9822,9912,1057,999,172,127,171,121,50,117,280,571
50,3,35,0,"Chitawan","Total",136340,13049,57913,33150,10654,8370,3268,519,1293,489,563,1647,1923,3502
50,3,35,1,"Chitawan","Male",69400,6963,31500,12566,6661,2795,2808,413,775,270,418,1239,1190,1802
50,3,35,2,"Chitawan","Female",66940,6086,26413,20584,3993,5575,460,106,518,219,145,408,733,1700
50,4,36,0,"Gorkha","Total",27015,3014,7253,11606,1130,808,609,86,233,95,105,201,379,1496
50,4,36,1,"Gorkha","Male",13512,1743,3893,4893,729,316,525,67,124,52,75,148,209,738
50,4,36,2,"Gorkha","Female",13503,1271,3360,6713,401,492,84,19,109,43,30,53,170,758
50,4,37,0,"Manang","Total",1215,106,331,597,43,47,26,4,5,4,7,18,15,12
50,4,37,1,"Manang","Male",778,81,233,335,33,22,24,4,4,3,4,15,12,8
50,4,37,2,"Manang","Female",437,25,98,262,10,25,2,0,1,1,3,3,3,4
50,4,38,0,"Mustang","Total",1882,231,659,594,87,72,49,4,43,9,11,9,51,63
50,4,38,1,"Mustang","Male",1225,163,418,364,68,28,45,4,24,6,7,9,47,42
50,4,38,2,"Mustang","Female",657,68,241,230,19,44,4,0,19,3,4,0,4,21
50,4,39,0,"Myagdi","Total",12491,1180,4286,4777,437,308,274,39,96,24,22,57,130,861
50,4,39,1,"Myagdi","Male",6406,763,2333,1950,313,91,246,31,55,14,17,49,77,467
50,4,39,2,"Myagdi","Female",6085,417,1953,2827,124,217,28,8,41,10,5,8,53,394
50,4,40,0,"Kaski","Total",139474,16770,56712,29653,11201,6884,4605,1175,573,503,213,1256,1971,7958
50,4,40,1,"Kaski","Male",71714,9079,30746,11069,6877,2069,3802,867,336,264,153,972,1214,4266
50,4,40,2,"Kaski","Female",67760,7691,25966,18584,4324,4815,803,308,237,239,60,284,757,3692
50,4,41,0,"Lamjung","Total",21370,1884,6666,8268,1057,613,476,74,482,98,48,151,238,1315
50,4,41,1,"Lamjung","Male",10694,1103,3583,3460,683,189,394,54,260,54,33,105,145,631
50,4,41,2,"Lamjung","Female",10676,781,3083,4808,374,424,82,20,222,44,15,46,93,684
50,4,42,0,"Tanahu","Total",41495,3180,13979,16436,2209,1179,944,191,265,130,163,410,762,1647
50,4,42,1,"Tanahu","Male",19872,1853,7279,6197,1368,350,783,142,160,63,110,278,519,770
50,4,42,2,"Tanahu","Female",21623,1327,6700,10239,841,829,161,49,105,67,53,132,243,877
50,4,43,0,"Nawalparasi (Bardaghat Susta East)","Total",54314,4758,21242,16837,3780,1797,933,186,288,160,117,544,1160,2512
50,4,43,1,"Nawalparasi (Bardaghat Susta East)","Male",25943,2537,11265,5622,2363,516,808,144,143,80,71,423,726,1245
50,4,43,2,"Nawalparasi (Bardaghat Susta East)","Female",28371,2221,9977,11215,1417,1281,125,42,145,80,46,121,434,1267
50,4,44,0,"Syangja","Total",38178,3413,13392,14454,1793,749,481,178,209,98,67,156,553,2635
50,4,44,1,"Syangja","Male",18583,1937,7069,5596,1205,263,406,159,117,51,49,108,347,1276
50,4,44,2,"Syangja","Female",19595,1476,6323,8858,588,486,75,19,92,47,18,48,206,1359
50,4,45,0,"Parbat","Total",19369,2125,6060,8164,891,449,282,134,115,48,37,65,264,735
50,4,45,1,"Parbat","Male",9757,1279,3189,3387,647,181,247,111,73,24,31,49,174,365
50,4,45,2,"Parbat","Female",9612,846,2871,4777,244,268,35,23,42,24,6,16,90,370
50,4,46,0,"Baglung","Total",31388,3424,9238,13600,1648,750,352,153,136,91,69,200,438,1289
50,4,46,1,"Baglung","Male",15155,1922,4838,5412,1084,257,290,120,68,53,40,150,269,652
50,4,46,2,"Baglung","Female",16233,1502,4400,8188,564,493,62,33,68,38,29,50,169,637
50,5,47,0,"Rukum (East)","Total",4922,435,341,3089,159,191,44,14,44,10,8,24,105,458
50,5,47,1,"Rukum (East)","Male",2426,239,188,1465,108,68,40,10,11,6,5,12,56,218
50,5,47,2,"Rukum (East)","Female",2496,196,153,1624,51,123,4,4,33,4,3,12,49,240
50,5,48,0,"Rolpa","Total",14299,1465,1677,8592,417,496,254,51,143,47,77,86,77,917
50,5,48,1,"Rolpa","Male",7063,842,869,3956,279,217,202,37,50,28,40,47,39,457
50,5,48,2,"Rolpa","Female",7236,623,808,4636,138,279,52,14,93,19,37,39,38,460
50,5,49,0,"Pyuthan","Total",16215,1892,3346,7867,631,511,278,71,192,42,39,75,175,1096
50,5,49,1,"Pyuthan","Male",8028,1079,1817,3312,459,201,238,57,106,16,30,50,92,571
50,5,49,2,"Pyuthan","Female",8187,813,1529,4555,172,310,40,14,86,26,9,25,83,525
50,5,50,0,"Gulmi","Total",24483,2832,6210,11721,1001,551,295,106,135,58,41,84,235,1214
50,5,50,1,"Gulmi","Male",11849,1647,3420,4530,716,240,244,78,88,29,33,67,175,582
50,5,50,2,"Gulmi","Female",12634,1185,2790,7191,285,311,51,28,47,29,8,17,60,632
50,5,51,0,"Arghakhanchi","Total",16389,1336,3625,8890,623,410,199,85,190,30,70,61,184,686
50,5,51,1,"Arghakhanchi","Male",8108,819,1965,3729,489,184,166,65,103,17,53,50,132,336
50,5,51,2,"Arghakhanchi","Female",8281,517,1660,5161,134,226,33,20,87,13,17,11,52,350
50,5,52,0,"Palpa","Total",30752,2568,8791,13522,1543,1814,492,152,176,44,64,115,397,1074
50,5,52,1,"Palpa","Male",14587,1462,4705,5263,1004,589,431,112,94,26,39,79,241,542
50,5,52,2,"Palpa","Female",16165,1106,4086,8259,539,1225,61,40,82,18,25,36,156,532
50,5,53,0,"Nawalparasi (Bardaghat Susta West)","Total",44061,3829,14199,15777,3374,1361,872,210,263,107,85,407,1161,2416
50,5,53,1,"Nawalparasi (Bardaghat Susta West)","Male",22808,2096,8030,6378,2207,594,788,142,165,61,66,324,691,1266
50,5,53,2,"Nawalparasi (Bardaghat Susta West)","Female",21253,1733,6169,9399,1167,767,84,68,98,46,19,83,470,1150
50,5,54,0,"Rupandehi","Total",166633,14484,65789,45890,12996,7252,4037,1110,1049,382,288,1780,2990,8586
50,5,54,1,"Rupandehi","Male",86733,8014,36340,18269,8301,2623,3494,727,695,212,207,1380,1804,4667
50,5,54,2,"Rupandehi","Female",79900,6470,29449,27621,4695,4629,543,383,354,170,81,400,1186,3919
50,5,55,0,"Kapilbastu","Total",49962,5379,12121,19842,3526,1671,1036,202,694,147,119,338,1582,3305
50,5,55,1,"Kapilbastu","Male",27951,3103,7365,9222,2513,907,914,154,588,102,89,274,837,1883
50,5,55,2,"Kapilbastu","Female",22011,2276,4756,10620,1013,764,122,48,106,45,30,64,745,1422
50,5,56,0,"Dang","Total",82749,7562,24937,30418,6227,3139,1747,602,985,243,237,806,1300,4546
50,5,56,1,"Dang","Male",41220,4381,13586,12039,3909,1119,1454,389,507,128,153,552,728,2275
50,5,56,2,"Dang","Female",41529,3181,11351,18379,2318,2020,293,213,478,115,84,254,572,2271
50,5,57,0,"Banke","Total",68081,6684,21593,22281,4991,3969,1458,583,501,171,127,778,1354,3591
50,5,57,1,"Banke","Male",35227,3688,12074,9279,3244,1662,1191,430,282,105,81,540,780,1871
50,5,57,2,"Banke","Female",32854,2996,9519,13002,1747,2307,267,153,219,66,46,238,574,1720
50,5,58,0,"Bardiya","Total",40697,5434,10796,17125,1807,1453,530,233,434,173,167,252,558,1735
50,5,58,1,"Bardiya","Male",19723,2730,5808,6946,1246,573,445,160,212,97,116,183,314,893
50,5,58,2,"Bardiya","Female",20974,2704,4988,10179,561,880,85,73,222,76,51,69,244,842
50,6,59,0,"Dolpa","Total",4687,309,424,2450,177,268,178,25,144,29,59,62,184,378
50,6,59,1,"Dolpa","Male",2924,217,288,1508,119,119,141,19,64,19,35,40,129,226
50,6,59,2,"Dolpa","Female",1763,92,136,942,58,149,37,6,80,10,24,22,55,152
50,6,60,0,"Mugu","Total",5496,328,383,3600,119,319,139,30,110,27,37,20,99,285
50,6,60,1,"Mugu","Male",3605,222,243,2358,97,152,122,23,74,19,27,15,75,178
50,6,60,2,"Mugu","Female",1891,106,140,1242,22,167,17,7,36,8,10,5,24,107
50,6,61,0,"Humla","Total",5050,489,506,2777,121,286,139,19,100,38,46,41,42,446
50,6,61,1,"Humla","Male",3366,343,344,1823,98,143,122,16,61,32,24,33,33,294
50,6,61,2,"Humla","Female",1684,146,162,954,23,143,17,3,39,6,22,8,9,152
50,6,62,0,"Jumla","Total",12249,932,1182,6361,376,839,503,67,460,154,54,57,166,1098
50,6,62,1,"Jumla","Male",7488,639,792,3721,307,395,399,50,259,104,33,39,95,655
50,6,62,2,"Jumla","Female",4761,293,390,2640,69,444,104,17,201,50,21,18,71,443
50,6,63,0,"Kalikot","Total",16941,885,1095,11475,404,760,390,87,301,47,69,132,194,1102
50,6,63,1,"Kalikot","Male",10059,568,675,6628,338,382,337,52,155,28,52,91,111,642
50,6,63,2,"Kalikot","Female",6882,317,420,4847,66,378,53,35,146,19,17,41,83,460
50,6,64,0,"Dailekh","Total",24659,1797,2215,15969,550,764,314,91,233,94,78,95,214,2245
50,6,64,1,"Dailekh","Male",13451,1067,1275,8422,420,354,244,70,106,56,53,63,114,1207
50,6,64,2,"Dailekh","Female",11208,730,940,7547,130,410,70,21,127,38,25,32,100,1038
50,6,65,0,"Jajarkot","Total",20525,1286,1244,14912,262,614,235,71,192,68,98,113,143,1287
50,6,65,1,"Jajarkot","Male",11680,775,746,8362,202,295,198,44,98,33,67,65,84,711
50,6,65,2,"Jajarkot","Female",8845,511,498,6550,60,319,37,27,94,35,31,48,59,576
50,6,66,0,"Rukum (West)","Total",21853,1253,1650,14274,723,1039,508,85,453,89,114,148,170,1347
50,6,66,1,"Rukum (West)","Male",11468,704,928,7129,525,473,409,55,212,54,67,100,98,714
50,6,66,2,"Rukum (West)","Female",10385,549,722,7145,198,566,99,30,241,35,47,48,72,633
50,6,67,0,"Salyan","Total",22097,1465,2352,14053,723,819,411,96,385,64,120,137,180,1292
50,6,67,1,"Salyan","Male",11551,902,1251,6950,523,376,339,55,194,38,73,94,106,650
50,6,67,2,"Salyan","Female",10546,563,1101,7103,200,443,72,41,191,26,47,43,74,642
50,6,68,0,"Surkhet","Total",50378,3748,11007,24699,2712,2125,993,381,570,196,198,324,596,2829
50,6,68,1,"Surkhet","Male",25733,2114,5982,11333,1951,796,833,219,302,114,117,235,329,1408
50,6,68,2,"Surkhet","Female",24645,1634,5025,13366,761,1329,160,162,268,82,81,89,267,1421
50,7,69,0,"Bajura","Total",13077,1572,1846,6947,313,550,271,38,136,49,102,60,181,1012
50,7,69,1,"Bajura","Male",7646,971,1166,3834,253,254,226,32,81,31,64,43,105,586
50,7,69,2,"Bajura","Female",5431,601,680,3113,60,296,45,6,55,18,38,17,76,426
50,7,70,0,"Bajhang","Total",18799,1192,1704,11908,576,758,329,68,337,86,100,124,264,1353
50,7,70,1,"Bajhang","Male",11242,813,1088,6716,494,438,294,55,189,54,60,98,163,780
50,7,70,2,"Bajhang","Female",7557,379,616,5192,82,320,35,13,148,32,40,26,101,573
50,7,71,0,"Darchula","Total",15840,2028,1926,8441,528,432,315,24,202,120,90,62,370,1302
50,7,71,1,"Darchula","Male",9139,1326,1137,4528,411,209,264,17,118,69,52,43,219,746
50,7,71,2,"Darchula","Female",6701,702,789,3913,117,223,51,7,84,51,38,19,151,556
50,7,72,0,"Baitadi","Total",26648,2071,5003,14488,722,708,279,53,208,95,70,165,493,2293
50,7,72,1,"Baitadi","Male",14993,1337,3076,7450,596,345,237,43,125,52,47,123,295,1267
50,7,72,2,"Baitadi","Female",11655,734,1927,7038,126,363,42,10,83,43,23,42,198,1026
50,7,73,0,"Dadeldhura","Total",13716,1147,2737,7009,448,702,302,71,245,56,56,70,195,678
50,7,73,1,"Dadeldhura","Male",7620,736,1701,3427,375,317,268,47,139,39,41,48,118,364
50,7,73,2,"Dadeldhura","Female",6096,411,1036,3582,73,385,34,24,106,17,15,22,77,314
50,7,74,0,"Doti","Total",14472,1463,2644,7139,426,587,379,67,281,68,74,120,269,955
50,7,74,1,"Doti","Male",8658,935,1770,3837,368,308,315,58,165,44,55,88,154,561
50,7,74,2,"Doti","Female",5814,528,874,3302,58,279,64,9,116,24,19,32,115,394
50,7,75,0,"Achham","Total",17753,1201,2831,10397,480,835,376,51,280,40,70,73,318,801
50,7,75,1,"Achham","Male",10446,776,1940,5623,397,431,324,45,156,24,50,60,182,438
50,7,75,2,"Achham","Female",7307,425,891,4774,83,404,52,6,124,16,20,13,136,363
50,7,76,0,"Kailali","Total",116035,17615,39658,35451,5873,4863,2347,611,1081,287,331,832,1561,5525
50,7,76,1,"Kailali","Male",60093,8501,22667,14590,4357,1990,1966,438,585,181,198,628,962,3030
50,7,76,2,"Kailali","Female",55942,9114,16991,20861,1516,2873,381,173,496,106,133,204,599,2495
50,7,77,0,"Kanchanpur","Total",65450,7769,22345,22158,3933,2624,1147,299,593,163,176,661,1319,2263
50,7,77,1,"Kanchanpur","Male",32697,3867,12624,8418,2833,960,943,194,315,100,111,441,722,1169
50,7,77,2,"Kanchanpur","Female",32753,3902,9721,13740,1100,1664,204,105,278,63,65,220,597,1094
