area,prov,dist,sex,area_name,sexname,rowtotal,a_earlyedu,b_primary,c_lowrsecndry,d_upprsecndry,e_slc,f_inter,g_graduat,h_pgraduat,i_other,j_nolevel,k_notstd
10,0,0,0,"Nepal","Both Sexes",20408124,732736,6011086,4193366,3034592,1932977,2617040,909534,452753,17761,357592,148687
10,0,0,1,"Nepal","Male",10845300,400675,3197640,2243562,1625952,1045444,1339749,505449,288637,7332,125330,65530
10,0,0,2,"Nepal","Female",9562824,332061,2813446,1949804,1408640,887533,1277291,404085,164116,10429,232262,83157
21,0,0,0,"Urban Munipalities","Both Sexes",13935833,501427,3743843,2708509,2038590,1456011,1998752,777451,390251,12823,215278,92898
21,0,0,1,"Urban Munipalities","Male",7376607,276010,1980096,1443814,1081495,784877,1016722,427503,244889,5440,75039,40722
21,0,0,2,"Urban Munipalities","Female",6559226,225417,1763747,1264695,957095,671134,982030,349948,145362,7383,140239,52176
22,0,0,0,"Rural Municipalities","Both Sexes",6472291,231309,2267243,1484857,996002,476966,618288,132083,62502,4938,142314,55789
22,0,0,1,"Rural Municipalities","Male",3468693,124665,1217544,799748,544457,260567,323027,77946,43748,1892,50291,24808
22,0,0,2,"Rural Municipalities","Female",3003598,106644,1049699,685109,451545,216399,295261,54137,18754,3046,92023,30981
31,0,0,0,"Mountain","Both Sexes",1180129,37302,398073,255522,176085,89511,138104,30508,15913,906,27978,10227
31,0,0,1,"Mountain","Male",644505,19719,215281,140054,98700,49757,74965,18237,11367,404,11006,5015
31,0,0,2,"Mountain","Female",535624,17583,182792,115468,77385,39754,63139,12271,4546,502,16972,5212
32,0,0,0,"Hill","Both Sexes",8799069,245648,2416286,1718578,1203341,907252,1274812,505421,268052,9136,176903,73640
32,0,0,1,"Hill","Male",4617924,133251,1285386,907212,633639,489693,637938,270291,163899,3854,61353,31408
32,0,0,2,"Hill","Female",4181145,112397,1130900,811366,569702,417559,636874,235130,104153,5282,115550,42232
33,0,0,0,"Tarai","Both Sexes",10428926,449786,3196727,2219266,1655166,936214,1204124,373605,168788,7719,152711,64820
33,0,0,1,"Tarai","Male",5582871,247705,1696973,1196296,893613,505994,626846,216921,113371,3074,52971,29107
33,0,0,2,"Tarai","Female",4846055,202081,1499754,1022970,761553,430220,577278,156684,55417,4645,99740,35713
40,1,0,0,"Province-1","Both Sexes",3639547,120633,1051002,752545,622331,409555,435247,122818,53304,2583,51905,17624
40,1,0,1,"Province-1","Male",1907614,64658,560429,400260,322513,211981,213446,68597,35022,1196,21017,8495
40,1,0,2,"Province-1","Female",1731933,55975,490573,352285,299818,197574,221801,54221,18282,1387,30888,9129
40,2,0,0,"Madhesh","Both Sexes",3485140,173806,1193468,761818,550926,262658,343322,112864,50285,1111,21760,13122
40,2,0,1,"Madhesh","Male",1976990,97402,637736,426183,324311,156019,203084,76641,38133,573,10029,6879
40,2,0,2,"Madhesh","Female",1508150,76404,555732,335635,226615,106639,140238,36223,12152,538,11731,6243
40,3,0,0,"Bagmati","Both Sexes",4674293,127601,1117810,796854,536640,544315,820056,396058,212214,6531,90003,26211
40,3,0,1,"Bagmati","Male",2497503,69944,605159,432308,286768,297638,417007,212348,126336,2972,34540,12483
40,3,0,2,"Bagmati","Female",2176790,57657,512651,364546,249872,246677,403049,183710,85878,3559,55463,13728
40,4,0,0,"Gandaki","Both Sexes",1885154,54358,502274,388666,282289,198513,273632,76504,38055,1962,38767,30134
40,4,0,1,"Gandaki","Male",962648,29675,262473,196619,147054,108089,131642,38180,23817,665,12413,12021
40,4,0,2,"Gandaki","Female",922506,24683,239801,192047,135235,90424,141990,38324,14238,1297,26354,18113
40,5,0,0,"Lumbini","Both Sexes",3674231,147422,1180196,816798,551946,297051,393523,113456,52264,3570,84510,33495
40,5,0,1,"Lumbini","Male",1901867,80161,620902,429743,288630,155953,192805,59484,33434,1227,25816,13712
40,5,0,2,"Lumbini","Female",1772364,67261,559294,387055,263316,141098,200718,53972,18830,2343,58694,19783
40,6,0,0,"Karnali","Both Sexes",1163317,35842,373139,261146,183406,92766,140011,30633,13291,518,20935,11630
40,6,0,1,"Karnali","Male",614971,19224,197399,138906,96215,49479,73750,18159,9416,211,7026,5186
40,6,0,2,"Karnali","Female",548346,16618,175740,122240,87191,43287,66261,12474,3875,307,13909,6444
40,7,0,0,"Sudur Paschim","Both Sexes",1886442,73074,593197,415539,307054,128119,211249,57201,33340,1486,49712,16471
40,7,0,1,"Sudur Paschim","Male",983707,39611,313542,219543,160461,66285,108015,32040,22479,488,14489,6754
40,7,0,2,"Sudur Paschim","Female",902735,33463,279655,195996,146593,61834,103234,25161,10861,998,35223,9717
50,1,1,0,"Taplejung","Both Sexes",90666,1851,28761,20779,16800,8324,9001,2252,1014,50,1295,539
50,1,1,1,"Taplejung","Male",48935,1014,15722,11268,9179,4442,4487,1230,697,26,576,294
50,1,1,2,"Taplejung","Female",41731,837,13039,9511,7621,3882,4514,1022,317,24,719,245
50,1,2,0,"Sankhuwasabha","Both Sexes",115631,3205,40463,27325,18004,9939,10359,2530,1388,119,1613,686
50,1,2,1,"Sankhuwasabha","Male",63142,1706,22110,14672,10121,5423,5531,1468,1001,52,694,364
50,1,2,2,"Sankhuwasabha","Female",52489,1499,18353,12653,7883,4516,4828,1062,387,67,919,322
50,1,3,0,"Solukhumbu","Both Sexes",74382,1977,26138,15716,10057,5212,9131,2053,1187,33,2512,366
50,1,3,1,"Solukhumbu","Male",40887,992,14704,8651,5698,2911,4655,1177,755,22,1126,196
50,1,3,2,"Solukhumbu","Female",33495,985,11434,7065,4359,2301,4476,876,432,11,1386,170
50,1,4,0,"Okhaldhunga","Both Sexes",95706,1841,31559,20183,15019,7355,12164,2453,1222,24,3250,636
50,1,4,1,"Okhaldhunga","Male",51314,948,17250,11185,8398,3989,5969,1244,794,13,1221,303
50,1,4,2,"Okhaldhunga","Female",44392,893,14309,8998,6621,3366,6195,1209,428,11,2029,333
50,1,5,0,"Khotang","Both Sexes",122004,2787,39438,26154,24006,11523,12286,2613,1225,17,1450,505
50,1,5,1,"Khotang","Male",66126,1486,21441,14100,13631,6264,5907,1504,874,8,647,264
50,1,5,2,"Khotang","Female",55878,1301,17997,12054,10375,5259,6379,1109,351,9,803,241
50,1,6,0,"Bhojpur","Both Sexes",114149,2558,38272,26214,20573,11117,8917,2074,1150,53,2502,719
50,1,6,1,"Bhojpur","Male",61609,1317,20713,14327,11636,6034,4354,1179,796,21,896,336
50,1,6,2,"Bhojpur","Female",52540,1241,17559,11887,8937,5083,4563,895,354,32,1606,383
50,1,7,0,"Dhankuta","Both Sexes",113263,3062,33126,25342,20556,11961,11687,3049,1579,85,2357,459
50,1,7,1,"Dhankuta","Male",60026,1682,18148,13734,11081,6323,5421,1584,1017,25,796,215
50,1,7,2,"Dhankuta","Female",53237,1380,14978,11608,9475,5638,6266,1465,562,60,1561,244
50,1,8,0,"Terhathum","Both Sexes",67174,1528,18787,14406,13000,8212,7174,1889,1036,24,883,235
50,1,8,1,"Terhathum","Male",35756,802,9928,7603,7121,4554,3496,1016,686,8,418,124
50,1,8,2,"Terhathum","Female",31418,726,8859,6803,5879,3658,3678,873,350,16,465,111
50,1,9,0,"Panchthar","Both Sexes",129734,3386,37818,29436,24414,13955,13508,2931,1308,163,2227,588
50,1,9,1,"Panchthar","Male",69389,1811,20959,16220,13104,7246,6320,1567,873,84,922,283
50,1,9,2,"Panchthar","Female",60345,1575,16859,13216,11310,6709,7188,1364,435,79,1305,305
50,1,10,0,"Ilam","Both Sexes",217462,5105,62115,48927,41260,20280,25013,6648,2905,237,3882,1090
50,1,10,1,"Ilam","Male",115207,2692,34582,26663,21277,10506,12103,3416,1782,97,1572,517
50,1,10,2,"Ilam","Female",102255,2413,27533,22264,19983,9774,12910,3232,1123,140,2310,573
50,1,11,0,"Jhapa","Both Sexes",763741,27717,199571,154164,134657,93259,98841,29045,11994,614,10456,3423
50,1,11,1,"Jhapa","Male",389453,14847,104534,79679,66178,46443,47772,15906,7665,321,4455,1653
50,1,11,2,"Jhapa","Female",374288,12870,95037,74485,68479,46816,51069,13139,4329,293,6001,1770
50,1,12,0,"Morang","Both Sexes",832912,31562,228981,163241,136414,102537,107940,35327,14421,415,8322,3752
50,1,12,1,"Morang","Male",435587,16944,120291,86090,69578,52884,53986,20856,9693,171,3329,1765
50,1,12,2,"Morang","Female",397325,14618,108690,77151,66836,49653,53954,14471,4728,244,4993,1987
50,1,13,0,"Sunsari","Both Sexes",661849,26094,189683,127710,108594,80751,83696,24144,10316,543,6868,3450
50,1,13,1,"Sunsari","Male",344938,14116,99059,67824,55619,42001,41516,13402,6689,276,2784,1652
50,1,13,2,"Sunsari","Female",316911,11978,90624,59886,52975,38750,42180,10742,3627,267,4084,1798
50,1,14,0,"Udayapur","Both Sexes",240874,7960,76290,52948,38977,25130,25530,5810,2559,206,4288,1176
50,1,14,1,"Udayapur","Male",125245,4301,40988,28244,19892,12961,11929,3048,1700,72,1581,529
50,1,14,2,"Udayapur","Female",115629,3659,35302,24704,19085,12169,13601,2762,859,134,2707,647
50,2,15,0,"Saptari","Both Sexes",433612,17614,132662,88602,75767,43527,47091,17785,6702,84,2559,1219
50,2,15,1,"Saptari","Male",246952,9988,70014,49584,44281,26022,28042,12106,5153,34,1141,587
50,2,15,2,"Saptari","Female",186660,7626,62648,39018,31486,17505,19049,5679,1549,50,1418,632
50,2,16,0,"Siraha","Both Sexes",431770,24068,136725,88308,74112,38719,43159,14466,6722,191,3056,2244
50,2,16,1,"Siraha","Male",240407,13960,72143,47349,41695,22291,25346,9911,5211,87,1244,1170
50,2,16,2,"Siraha","Female",191363,10108,64582,40959,32417,16428,17813,4555,1511,104,1812,1074
50,2,17,0,"Dhanusa","Both Sexes",504424,27655,158741,107760,84468,40696,52791,20040,8681,207,1855,1530
50,2,17,1,"Dhanusa","Male",281217,15852,83366,56541,48235,23898,30930,13863,6713,112,941,766
50,2,17,2,"Dhanusa","Female",223207,11803,75375,51219,36233,16798,21861,6177,1968,95,914,764
50,2,18,0,"Mahottari","Both Sexes",379508,20202,130549,84647,59742,29130,36969,11014,4705,99,1567,884
50,2,18,1,"Mahottari","Male",212282,11282,68467,45742,35124,17343,21946,7487,3602,43,762,484
50,2,18,2,"Mahottari","Female",167226,8920,62082,38905,24618,11787,15023,3527,1103,56,805,400
50,2,19,0,"Sarlahi","Both Sexes",465953,22696,163643,103210,70000,31886,51690,12960,6058,137,1912,1761
50,2,19,1,"Sarlahi","Male",264773,12843,88566,58694,41249,18719,29693,8526,4462,83,961,977
50,2,19,2,"Sarlahi","Female",201180,9853,75077,44516,28751,13167,21997,4434,1596,54,951,784
50,2,20,0,"Rautahat","Both Sexes",415495,21305,161212,89262,56969,26237,36823,10176,4316,181,6759,2255
50,2,20,1,"Rautahat","Male",237538,11505,86158,51574,34864,16204,22544,7014,3320,93,3064,1198
50,2,20,2,"Rautahat","Female",177957,9800,75054,37688,22105,10033,14279,3162,996,88,3695,1057
50,2,21,0,"Bara","Both Sexes",443259,20988,162889,103329,68228,28816,38769,10612,5210,144,2235,2039
50,2,21,1,"Bara","Male",255575,11421,89259,60258,41280,17430,22963,6963,3807,87,1056,1051
50,2,21,2,"Bara","Female",187684,9567,73630,43071,26948,11386,15806,3649,1403,57,1179,988
50,2,22,0,"Parsa","Both Sexes",411119,19278,147047,96700,61640,23647,36030,15811,7891,68,1817,1190
50,2,22,1,"Parsa","Male",238246,10551,79763,56441,37583,14112,21620,10771,5865,34,860,646
50,2,22,2,"Parsa","Female",172873,8727,67284,40259,24057,9535,14410,5040,2026,34,957,544
50,3,23,0,"Dolakha","Both Sexes",116511,3284,37580,24476,15450,10263,14543,3344,1955,74,4516,1026
50,3,23,1,"Dolakha","Male",62834,1777,20626,13645,8601,5724,7300,1791,1265,23,1603,479
50,3,23,2,"Dolakha","Female",53677,1507,16954,10831,6849,4539,7243,1553,690,51,2913,547
50,3,24,0,"Sindhupalchok","Both Sexes",165278,4751,58219,34994,21353,11775,18636,4125,2351,399,7012,1663
50,3,24,1,"Sindhupalchok","Male",89429,2495,32532,19515,11958,6561,9180,2082,1478,171,2659,798
50,3,24,2,"Sindhupalchok","Female",75849,2256,25687,15479,9395,5214,9456,2043,873,228,4353,865
50,3,25,0,"Rasuwa","Both Sexes",29699,879,9626,6269,4073,2277,4003,1032,385,9,963,183
50,3,25,1,"Rasuwa","Male",16761,455,5407,3579,2322,1364,2175,575,250,9,525,100
50,3,25,2,"Rasuwa","Female",12938,424,4219,2690,1751,913,1828,457,135,0,438,83
50,3,26,0,"Dhading","Both Sexes",216980,6614,74807,47493,27396,17027,27032,5518,3106,394,6237,1356
50,3,26,1,"Dhading","Male",115562,3575,41227,25651,14922,9318,12918,2770,1857,123,2515,686
50,3,26,2,"Dhading","Female",101418,3039,33580,21842,12474,7709,14114,2748,1249,271,3722,670
50,3,27,0,"Nuwakot","Both Sexes",168986,5005,55588,35940,24175,13775,20570,4721,2473,60,4991,1688
50,3,27,1,"Nuwakot","Male",91580,2749,30598,19918,13261,7892,10227,2345,1491,41,2192,866
50,3,27,2,"Nuwakot","Female",77406,2256,24990,16022,10914,5883,10343,2376,982,19,2799,822
50,3,28,0,"Kathmandu","Both Sexes",1709185,45377,287057,230738,157428,243763,366983,223833,122211,3400,21776,6619
50,3,28,1,"Kathmandu","Male",913602,25221,151476,124402,82918,132209,189697,121024,72523,1797,9048,3287
50,3,28,2,"Kathmandu","Female",795583,20156,135581,106336,74510,111554,177286,102809,49688,1603,12728,3332
50,3,29,0,"Bhaktapur","Both Sexes",353963,9800,69330,51505,39234,46352,70941,39242,19812,322,5640,1785
50,3,29,1,"Bhaktapur","Male",190981,5460,36854,28630,21614,25938,36921,21100,11827,106,1739,792
50,3,29,2,"Bhaktapur","Female",162982,4340,32476,22875,17620,20414,34020,18142,7985,216,3901,993
50,3,30,0,"Lalitpur","Both Sexes",456968,10890,87737,65815,53978,52046,90373,55239,32139,271,5699,2781
50,3,30,1,"Lalitpur","Male",243108,5926,46115,35727,28663,28246,46586,29743,18638,111,2078,1275
50,3,30,2,"Lalitpur","Female",213860,4964,41622,30088,25315,23800,43787,25496,13501,160,3621,1506
50,3,31,0,"Kavrepalanchok","Both Sexes",255693,7019,72907,49531,34681,27504,38839,11735,4903,252,6539,1783
50,3,31,1,"Kavrepalanchok","Male",139131,3889,40525,27750,19367,15636,19430,6204,2989,82,2425,834
50,3,31,2,"Kavrepalanchok","Female",116562,3130,32382,21781,15314,11868,19409,5531,1914,170,4114,949
50,3,32,0,"Ramechhap","Both Sexes",108043,2766,35970,23249,16452,8677,12302,2399,1499,153,3774,802
50,3,32,1,"Ramechhap","Male",58331,1457,20291,12901,9039,4754,5818,1262,973,52,1383,401
50,3,32,2,"Ramechhap","Female",49712,1309,15679,10348,7413,3923,6484,1137,526,101,2391,401
50,3,33,0,"Sindhuli","Both Sexes",200255,5727,68172,42918,29002,18107,23596,4342,2605,73,4593,1120
50,3,33,1,"Sindhuli","Male",107754,3053,37282,23650,15721,10053,11589,2310,1729,30,1801,536
50,3,33,2,"Sindhuli","Female",92501,2674,30890,19268,13281,8054,12007,2032,876,43,2792,584
50,3,34,0,"Makwanpur","Both Sexes",333129,8963,116139,74164,38473,29925,38940,10993,5268,553,7540,2171
50,3,34,1,"Makwanpur","Male",179943,4807,65728,40443,20043,16501,19439,5673,3112,202,2972,1023
50,3,34,2,"Makwanpur","Female",153186,4156,50411,33721,18430,13424,19501,5320,2156,351,4568,1148
50,3,35,0,"Chitawan","Both Sexes",559603,16526,144678,109762,74945,62824,93298,29535,13507,571,10723,3234
50,3,35,1,"Chitawan","Male",288487,9080,76498,56497,38339,33442,45727,15469,8204,225,3600,1406
50,3,35,2,"Chitawan","Female",271116,7446,68180,53265,36606,29382,47571,14066,5303,346,7123,1828
50,4,36,0,"Gorkha","Both Sexes",171172,3777,56062,39112,22070,14026,19557,4640,2818,260,5747,3103
50,4,36,1,"Gorkha","Male",88611,2025,30057,19810,11768,7780,9474,2331,1707,104,2242,1313
50,4,36,2,"Gorkha","Female",82561,1752,26005,19302,10302,6246,10083,2309,1111,156,3505,1790
50,4,37,0,"Manang","Both Sexes",4169,110,1050,740,334,524,980,146,89,0,181,15
50,4,37,1,"Manang","Male",2629,59,605,452,240,408,594,107,77,0,76,11
50,4,37,2,"Manang","Female",1540,51,445,288,94,116,386,39,12,0,105,4
50,4,38,0,"Mustang","Both Sexes",10480,487,3339,2111,1070,1024,1331,340,211,73,269,225
50,4,38,1,"Mustang","Male",6371,264,1858,1323,698,685,808,244,173,29,174,115
50,4,38,2,"Mustang","Female",4109,223,1481,788,372,339,523,96,38,44,95,110
50,4,39,0,"Myagdi","Both Sexes",78917,1972,24493,17337,10513,8663,9554,1913,1024,113,2286,1049
50,4,39,1,"Myagdi","Male",42110,1078,13218,9236,6104,4900,4657,1050,699,25,715,428
50,4,39,2,"Myagdi","Female",36807,894,11275,8101,4409,3763,4897,863,325,88,1571,621
50,4,40,0,"Kaski","Both Sexes",495874,14608,103371,88878,75827,59317,91498,32139,15837,355,4837,9207
50,4,40,1,"Kaski","Male",255498,8116,53206,45118,39557,32550,45392,16465,9857,126,1406,3705
50,4,40,2,"Kaski","Female",240376,6492,50165,43760,36270,26767,46106,15674,5980,229,3431,5502
50,4,41,0,"Lamjung","Both Sexes",114207,2937,32146,24751,16842,10925,15220,4110,2040,66,3077,2093
50,4,41,1,"Lamjung","Male",59371,1582,16940,12756,9368,6243,7431,1972,1291,25,941,822
50,4,41,2,"Lamjung","Female",54836,1355,15206,11995,7474,4682,7789,2138,749,41,2136,1271
50,4,42,0,"Tanahu","Both Sexes",245279,6745,69432,56102,36835,25838,30046,7724,3725,346,4389,4097
50,4,42,1,"Tanahu","Male",123655,3694,36221,27669,18937,14138,14065,3601,2206,119,1384,1621
50,4,42,2,"Tanahu","Female",121624,3051,33211,28433,17898,11700,15981,4123,1519,227,3005,2476
50,4,43,0,"Nawalparasi (Bardaghat Susta East)","Both Sexes",289118,10834,80534,61537,42942,29345,39542,10162,4610,225,5725,3662
50,4,43,1,"Nawalparasi (Bardaghat Susta East)","Male",144765,5895,42504,31179,21098,15120,18315,4862,2766,65,1594,1367
50,4,43,2,"Nawalparasi (Bardaghat Susta East)","Female",144353,4939,38030,30358,21844,14225,21227,5300,1844,160,4131,2295
50,4,44,0,"Syangja","Both Sexes",193607,4653,49314,40420,34251,19930,27638,6998,3542,156,3937,2768
50,4,44,1,"Syangja","Male",97002,2526,24974,20286,17483,10643,12955,3393,2235,64,1337,1106
50,4,44,2,"Syangja","Female",96605,2127,24340,20134,16768,9287,14683,3605,1307,92,2600,1662
50,4,45,0,"Parbat","Both Sexes",97810,2689,24859,19251,15582,12855,14265,3472,1632,198,1572,1435
50,4,45,1,"Parbat","Male",50125,1476,12954,9672,8137,6947,6749,1868,1140,48,552,582
50,4,45,2,"Parbat","Female",47685,1213,11905,9579,7445,5908,7516,1604,492,150,1020,853
50,4,46,0,"Baglung","Both Sexes",184521,5546,57674,38427,26023,16066,24001,4860,2527,170,6747,2480
50,4,46,1,"Baglung","Male",92511,2960,29936,19118,13664,8675,11202,2287,1666,60,1992,951
50,4,46,2,"Baglung","Female",92010,2586,27738,19309,12359,7391,12799,2573,861,110,4755,1529
50,5,47,0,"Rukum (East)","Both Sexes",37010,1229,13312,8169,5366,2555,3882,666,374,3,884,570
50,5,47,1,"Rukum (East)","Male",19787,642,7239,4401,3025,1433,1826,347,253,0,391,230
50,5,47,2,"Rukum (East)","Female",17223,587,6073,3768,2341,1122,2056,319,121,3,493,340
50,5,48,0,"Rolpa","Both Sexes",160457,5113,67339,38501,19242,9222,11131,2112,1056,49,5295,1397
50,5,48,1,"Rolpa","Male",82228,2669,36001,20033,9662,4737,5201,1132,730,13,1551,499
50,5,48,2,"Rolpa","Female",78229,2444,31338,18468,9580,4485,5930,980,326,36,3744,898
50,5,49,0,"Pyuthan","Both Sexes",168732,5602,68688,40624,19137,10006,11967,2842,1406,51,6210,2199
50,5,49,1,"Pyuthan","Male",81713,2932,34675,19345,9480,5044,5529,1524,975,16,1439,754
50,5,49,2,"Pyuthan","Female",87019,2670,34013,21279,9657,4962,6438,1318,431,35,4771,1445
50,5,50,0,"Gulmi","Both Sexes",182298,6944,60493,40193,25189,16726,17891,4466,2126,92,6181,1997
50,5,50,1,"Gulmi","Male",89445,3794,31187,19517,12191,8377,8119,2294,1436,43,1756,731
50,5,50,2,"Gulmi","Female",92853,3150,29306,20676,12998,8349,9772,2172,690,49,4425,1266
50,5,51,0,"Arghakhanchi","Both Sexes",130969,4148,43072,29249,18802,14547,11897,2881,1611,105,3467,1190
50,5,51,1,"Arghakhanchi","Male",64153,2255,22316,14135,8687,7018,5469,1530,1109,45,1135,454
50,5,51,2,"Arghakhanchi","Female",66816,1893,20756,15114,10115,7529,6428,1351,502,60,2332,736
50,5,52,0,"Palpa","Both Sexes",190639,4841,57721,42424,29755,17904,21551,5859,3342,133,5268,1841
50,5,52,1,"Palpa","Male",93634,2584,29450,20801,14783,9383,9776,2768,2043,31,1374,641
50,5,52,2,"Palpa","Female",97005,2257,28271,21623,14972,8521,11775,3091,1299,102,3894,1200
50,5,53,0,"Nawalparasi (Bardaghat Susta West)","Both Sexes",279186,13287,84214,62750,45046,22304,32720,8067,3274,497,4873,2154
50,5,53,1,"Nawalparasi (Bardaghat Susta West)","Male",148877,7274,45618,34308,24221,12226,16591,4182,2035,167,1399,856
50,5,53,2,"Nawalparasi (Bardaghat Susta West)","Female",130309,6013,38596,28442,20825,10078,16129,3885,1239,330,3474,1298
50,5,54,0,"Rupandehi","Both Sexes",840058,36066,236371,177972,127799,78481,112995,37070,16568,620,9141,6975
50,5,54,1,"Rupandehi","Male",445335,19816,124038,96852,69307,42385,57347,19259,10127,198,2925,3081
50,5,54,2,"Rupandehi","Female",394723,16250,112333,81120,58492,36096,55648,17811,6441,422,6216,3894
50,5,55,0,"Kapilbastu","Both Sexes",446190,22890,174439,99668,64326,26831,35486,9999,4477,185,4863,3026
50,5,55,1,"Kapilbastu","Male",240939,12483,90873,55133,36830,14523,19150,5782,3019,78,1656,1412
50,5,55,2,"Kapilbastu","Female",205251,10407,83566,44535,27496,12308,16336,4217,1458,107,3207,1614
50,5,56,0,"Dang","Both Sexes",505374,18412,150177,115843,82154,40085,58103,16680,7966,489,10624,4841
50,5,56,1,"Dang","Male",256749,9851,78714,59265,41213,20662,27451,8557,5212,161,3648,2015
50,5,56,2,"Dang","Female",248625,8561,71463,56578,40941,19423,30652,8123,2754,328,6976,2826
50,5,57,0,"Banke","Both Sexes",405480,18170,129602,83592,61631,32567,46193,15226,6662,663,7390,3784
50,5,57,1,"Banke","Male",214560,10072,69359,45246,33030,17093,22727,8212,4288,268,2582,1683
50,5,57,2,"Banke","Female",190920,8098,60243,38346,28601,15474,23466,7014,2374,395,4808,2101
50,5,58,0,"Bardiya","Both Sexes",327838,10720,94768,77813,53499,25823,29707,7588,3402,683,20314,3521
50,5,58,1,"Bardiya","Male",164447,5789,51432,40707,26201,13072,13619,3897,2207,207,5960,1356
50,5,58,2,"Bardiya","Female",163391,4931,43336,37106,27298,12751,16088,3691,1195,476,14354,2165
50,6,59,0,"Dolpa","Both Sexes",26649,859,9767,5112,3439,1980,3788,625,274,3,395,407
50,6,59,1,"Dolpa","Male",14896,449,5008,2861,2038,1240,2301,419,204,3,192,181
50,6,59,2,"Dolpa","Female",11753,410,4759,2251,1401,740,1487,206,70,0,203,226
50,6,60,0,"Mugu","Both Sexes",39525,1695,13971,8224,6259,3054,4390,827,279,6,393,427
50,6,60,1,"Mugu","Male",22445,923,7456,4564,3631,1814,2776,592,237,3,212,237
50,6,60,2,"Mugu","Female",17080,772,6515,3660,2628,1240,1614,235,42,3,181,190
50,6,61,0,"Humla","Both Sexes",31837,1542,10923,6501,4348,2439,3951,778,321,15,761,258
50,6,61,1,"Humla","Male",18321,835,5837,3670,2583,1490,2511,592,263,11,394,135
50,6,61,2,"Humla","Female",13516,707,5086,2831,1765,949,1440,186,58,4,367,123
50,6,62,0,"Jumla","Both Sexes",76653,3632,23966,15620,11045,7385,8939,2385,925,11,1486,1259
50,6,62,1,"Jumla","Male",42686,1911,12740,8659,6402,4330,5143,1610,735,7,522,627
50,6,62,2,"Jumla","Female",33967,1721,11226,6961,4643,3055,3796,775,190,4,964,632
50,6,63,0,"Kalikot","Both Sexes",94039,2573,29907,19868,14632,7769,14183,2045,713,17,1457,875
50,6,63,1,"Kalikot","Male",50937,1388,15785,10749,7830,4095,8090,1394,575,10,575,446
50,6,63,2,"Kalikot","Female",43102,1185,14122,9119,6802,3674,6093,651,138,7,882,429
50,6,64,0,"Dailekh","Both Sexes",171000,4055,57358,40046,29214,11093,18720,4105,1834,59,3040,1476
50,6,64,1,"Dailekh","Male",89035,2155,29784,21219,15042,5632,9694,2427,1330,15,1107,630
50,6,64,2,"Dailekh","Female",81965,1900,27574,18827,14172,5461,9026,1678,504,44,1933,846
50,6,65,0,"Jajarkot","Both Sexes",127328,3799,42908,27724,19456,9473,16817,2777,931,121,2275,1047
50,6,65,1,"Jajarkot","Male",67813,1975,22801,14648,10150,5019,9159,1780,741,50,969,521
50,6,65,2,"Jajarkot","Female",59515,1824,20107,13076,9306,4454,7658,997,190,71,1306,526
50,6,66,0,"Rukum (West)","Both Sexes",114087,3094,35489,24594,18079,8366,16568,3807,1478,48,1580,984
50,6,66,1,"Rukum (West)","Male",59827,1648,18911,13066,9430,4326,8224,2167,1077,19,501,458
50,6,66,2,"Rukum (West)","Female",54260,1446,16578,11528,8649,4040,8344,1640,401,29,1079,526
50,6,67,0,"Salyan","Both Sexes",167957,4157,53936,40893,30754,10783,17346,3317,1434,19,3617,1701
50,6,67,1,"Salyan","Male",87866,2239,29350,21967,15613,5510,8634,1923,994,6,957,673
50,6,67,2,"Salyan","Female",80091,1918,24586,18926,15141,5273,8712,1394,440,13,2660,1028
50,6,68,0,"Surkhet","Both Sexes",314242,10436,94914,72564,46180,30424,35309,9967,5102,219,5931,3196
50,6,68,1,"Surkhet","Male",161145,5701,49727,37503,23496,16023,17218,5255,3260,87,1597,1278
50,6,68,2,"Surkhet","Female",153097,4735,45187,35061,22684,14401,18091,4712,1842,132,4334,1918
50,7,69,0,"Bajura","Both Sexes",88386,3156,30579,19540,14460,5032,9701,2248,1128,53,1679,810
50,7,69,1,"Bajura","Male",47511,1649,16219,10380,7911,2649,5401,1387,858,21,650,386
50,7,69,2,"Bajura","Female",40875,1507,14360,9160,6549,2383,4300,861,270,32,1029,424
50,7,70,0,"Bajhang","Both Sexes",120814,4273,43580,26813,18250,6399,13637,3206,1956,24,1774,902
50,7,70,1,"Bajhang","Male",65443,2248,23077,14575,10001,3343,7628,2067,1547,9,544,404
50,7,70,2,"Bajhang","Female",55371,2025,20503,12238,8249,3056,6009,1139,409,15,1230,498
50,7,71,0,"Darchula","Both Sexes",95410,3028,30204,21434,16511,6115,11531,2572,1737,20,1672,586
50,7,71,1,"Darchula","Male",51278,1554,15595,11491,9487,3278,6385,1502,1252,8,484,242
50,7,71,2,"Darchula","Female",44132,1474,14609,9943,7024,2837,5146,1070,485,12,1188,344
50,7,72,0,"Baitadi","Both Sexes",169459,4370,57952,36921,29264,9237,20687,3472,2489,83,3480,1504
50,7,72,1,"Baitadi","Male",89444,2293,29784,20042,15971,4781,10985,2118,1890,20,970,590
50,7,72,2,"Baitadi","Female",80015,2077,28168,16879,13293,4456,9702,1354,599,63,2510,914
50,7,73,0,"Dadeldhura","Both Sexes",99935,3033,33378,23912,16269,6553,9848,2200,1668,23,2589,462
50,7,73,1,"Dadeldhura","Male",52824,1645,17692,12872,8843,3387,5085,1334,1201,9,573,183
50,7,73,2,"Dadeldhura","Female",47111,1388,15686,11040,7426,3166,4763,866,467,14,2016,279
50,7,74,0,"Doti","Both Sexes",130467,5532,51458,30790,17997,7548,10500,2397,1575,77,1629,964
50,7,74,1,"Doti","Male",68386,2996,26316,15910,9234,4292,5845,1605,1208,26,511,443
50,7,74,2,"Doti","Female",62081,2536,25142,14880,8763,3256,4655,792,367,51,1118,521
50,7,75,0,"Achham","Both Sexes",149534,5980,55805,32733,22070,8486,13064,3208,1481,103,5237,1367
50,7,75,1,"Achham","Male",77077,3090,28542,16940,11326,4431,7125,2131,1190,31,1747,524
50,7,75,2,"Achham","Female",72457,2890,27263,15793,10744,4055,5939,1077,291,72,3490,843
50,7,76,0,"Kailali","Both Sexes",652601,28099,182743,139033,111197,46930,76718,25707,13610,712,21363,6489
50,7,76,1,"Kailali","Male",338542,15424,99041,73437,57230,24173,37967,13581,8545,246,6288,2610
50,7,76,2,"Kailali","Female",314059,12675,83702,65596,53967,22757,38751,12126,5065,466,15075,3879
50,7,77,0,"Kanchanpur","Both Sexes",379836,15603,107498,84363,61036,31819,45563,12191,7696,391,10289,3387
50,7,77,1,"Kanchanpur","Male",193202,8712,57276,43896,30458,15951,21594,6315,4788,118,2722,1372
50,7,77,2,"Kanchanpur","Female",186634,6891,50222,40467,30578,15868,23969,5876,2908,273,7567,2015
