area,prov,dist,sex,area_name,sexname,rowtotal,ca_earlychildhood,ca_primary,ca_lowrsecndry,ca_upprsecndry,ca_others,ca_notstd,neverattnd,cna_earlychildhood,cna_primary,cna_lowrsecndry,cna_upprsecndry,cna_others,cna_notstd,ans_earlychildhood,ans_primary,ans_lowrsecndry,ans_upprsecndry,ans_others,ans_notstd
10,0,0,0,"Nepal","Total",9307529,708156,3175078,1829680,825616,11423,21150,751996,9868,607499,710139,626337,12929,8423,122,1214,198,215,66,7420
10,0,0,1,"Nepal","Male",4690549,389669,1650845,928669,425881,6116,10869,315789,5108,310734,360964,272265,5127,3776,58,606,103,107,39,3824
10,0,0,2,"Nepal","Female",4616980,318487,1524233,901011,399735,5307,10281,436207,4760,296765,349175,354072,7802,4647,64,608,95,108,27,3596
21,0,0,0,"Urban Munipalities","Total",5831481,485677,1993714,1157888,521617,8474,13075,468488,6210,352270,422289,383053,8265,5236,87,690,118,130,47,4153
21,0,0,1,"Urban Munipalities","Male",2967625,269062,1046840,593929,271138,4813,6774,197735,3228,182566,217995,165077,3343,2420,40,357,64,61,27,2156
21,0,0,2,"Urban Munipalities","Female",2863856,216615,946874,563959,250479,3661,6301,270753,2982,169704,204294,217976,4922,2816,47,333,54,69,20,1997
22,0,0,0,"Rural Municipalities","Total",3476048,222479,1181364,671792,303999,2949,8075,283508,3658,255229,287850,243284,4664,3187,35,524,80,85,19,3267
22,0,0,1,"Rural Municipalities","Male",1722924,120607,604005,334740,154743,1303,4095,118054,1880,128168,142969,107188,1784,1356,18,249,39,46,12,1668
22,0,0,2,"Rural Municipalities","Female",1753124,101872,577359,337052,149256,1646,3980,165454,1778,127061,144881,136096,2880,1831,17,275,41,39,7,1599
31,0,0,0,"Mountain","Total",611510,35833,223640,134838,65256,646,1810,30199,510,35077,40983,40467,877,519,0,84,6,13,8,744
31,0,0,1,"Mountain","Male",303691,19084,113150,66885,32653,318,916,12250,223,17928,20440,18801,371,242,0,36,4,6,6,378
31,0,0,2,"Mountain","Female",307819,16749,110490,67953,32603,328,894,17949,287,17149,20543,21666,506,277,0,48,2,7,2,366
32,0,0,0,"Hill","Total",3339741,236110,1202924,750438,323479,5242,8790,97480,2851,199254,268879,232326,3964,3398,77,621,130,115,25,3638
32,0,0,1,"Hill","Male",1697315,129249,625369,379205,163783,3357,4513,43988,1432,105053,135336,100380,1711,1579,38,301,71,61,19,1870
32,0,0,2,"Hill","Female",1642426,106861,577555,371233,159696,1885,4277,53492,1419,94201,133543,131946,2253,1819,39,320,59,54,6,1768
33,0,0,0,"Tarai","Total",5356278,436213,1748514,944404,436881,5535,10550,624317,6507,373168,400277,353544,8088,4506,45,509,62,87,33,3038
33,0,0,1,"Tarai","Male",2689543,241336,912326,482579,229445,2441,5440,259551,3453,187753,205188,153084,3045,1955,20,269,28,40,14,1576
33,0,0,2,"Tarai","Female",2666735,194877,836188,461825,207436,3094,5110,364766,3054,185415,195089,200460,5043,2551,25,240,34,47,19,1462
40,1,0,0,"Province-1","Total",1476141,116987,513845,298150,126566,712,2111,70001,1047,92019,125963,126374,1312,857,0,7,0,0,9,181
40,1,0,1,"Province-1","Male",746496,62937,263368,150363,64879,418,1165,30858,522,50259,66457,54258,545,369,0,5,0,0,5,88
40,1,0,2,"Province-1","Female",729645,54050,250477,147787,61687,294,946,39143,525,41760,59506,72116,767,488,0,2,0,0,4,93
40,2,0,0,"Madhesh","Total",2363188,169498,741777,368802,180751,2902,3707,462785,2682,158294,142086,124163,3854,1262,4,53,2,7,7,552
40,2,0,1,"Madhesh","Male",1181783,95164,387208,190694,99612,1259,2009,190796,1498,79550,74786,56870,1444,546,1,33,1,5,3,304
40,2,0,2,"Madhesh","Female",1181405,74334,354569,178108,81139,1643,1698,271989,1184,78744,67300,67293,2410,716,3,20,1,2,4,248
40,3,0,0,"Bagmati","Total",1481091,123284,528970,330926,135892,3957,2434,49487,1137,97375,118341,85582,2215,1304,0,7,1,0,15,164
40,3,0,1,"Bagmati","Male",776374,67961,278922,169660,69685,2838,1323,23594,623,54751,65432,39736,1080,663,0,4,1,0,10,91
40,3,0,2,"Bagmati","Female",704717,55323,250048,161266,66207,1119,1111,25893,514,42624,52909,45846,1135,641,0,3,0,0,5,73
40,4,0,0,"Gandaki","Total",643899,51481,231263,149848,66227,538,3223,11903,853,32862,50151,41169,494,938,70,337,96,95,16,2335
40,4,0,1,"Gandaki","Male",330832,28556,122345,76374,34325,241,1679,5708,424,17492,24021,17437,218,465,36,174,48,50,13,1226
40,4,0,2,"Gandaki","Female",313067,22925,108918,73474,31902,297,1544,6195,429,15370,26130,23732,276,473,34,163,48,45,3,1109
40,5,0,0,"Lumbini","Total",1737700,141784,583341,327270,144380,2087,4828,97167,2602,144622,161353,120449,2981,2331,33,428,53,59,12,1920
40,5,0,1,"Lumbini","Male",867127,77707,303927,164957,72976,863,2338,40620,1319,70001,78095,51002,1055,1003,15,221,26,27,4,971
40,5,0,2,"Lumbini","Female",870573,64077,279414,162313,71404,1224,2490,56547,1283,74621,83258,69447,1926,1328,18,207,27,32,8,949
40,6,0,0,"Karnali","Total",630422,34627,229952,140985,69253,637,2301,25018,505,30508,44806,48954,626,696,6,165,24,23,5,1331
40,6,0,1,"Karnali","Male",311599,18760,117227,70508,34616,307,1109,10285,225,14996,21544,20669,265,309,4,74,15,9,3,674
40,6,0,2,"Karnali","Female",318823,15867,112725,70477,34637,330,1192,14733,280,15512,23262,28285,361,387,2,91,9,14,2,657
40,7,0,0,"Sudur Paschim","Total",975088,70495,345930,213699,102547,590,2546,35635,1042,51819,67439,79646,1447,1035,9,217,22,31,2,937
40,7,0,1,"Sudur Paschim","Male",476338,38584,177848,106113,49788,190,1246,13928,497,23685,30629,32293,520,421,2,95,12,16,1,470
40,7,0,2,"Sudur Paschim","Female",498750,31911,168082,107586,52759,400,1300,21707,545,28134,36810,47353,927,614,7,122,10,15,1,467
50,1,1,0,"Taplejung","Total",40175,1748,13821,8639,3714,13,71,1093,33,2437,3930,4605,37,34,0,0,0,0,0,0
50,1,1,1,"Taplejung","Male",20618,952,6945,4329,1923,6,45,574,16,1503,2152,2135,17,21,0,0,0,0,0,0
50,1,1,2,"Taplejung","Female",19557,796,6876,4310,1791,7,26,519,17,934,1778,2470,20,13,0,0,0,0,0,0
50,1,2,0,"Sankhuwasabha","Total",51650,3110,18228,10986,4717,12,87,1473,20,3895,5266,3771,42,34,0,0,0,0,3,6
50,1,2,1,"Sankhuwasabha","Male",26576,1662,9381,5540,2469,6,48,731,7,2322,2600,1771,16,15,0,0,0,0,2,6
50,1,2,2,"Sankhuwasabha","Female",25074,1448,8847,5446,2248,6,39,742,13,1573,2666,2000,26,19,0,0,0,0,1,0
50,1,3,0,"Solukhumbu","Total",32508,1807,11792,7327,3085,56,98,942,18,2550,2796,1968,56,9,0,2,0,0,0,2
50,1,3,1,"Solukhumbu","Male",16798,931,6089,3660,1577,40,75,451,13,1514,1476,939,27,4,0,2,0,0,0,0
50,1,3,2,"Solukhumbu","Female",15710,876,5703,3667,1508,16,23,491,5,1036,1320,1029,29,5,0,0,0,0,0,2
50,1,4,0,"Okhaldhunga","Total",41919,1771,14494,9735,4774,35,57,1453,14,2805,3446,3234,67,32,0,1,0,0,0,1
50,1,4,1,"Okhaldhunga","Male",21168,917,7367,4857,2369,20,28,664,7,1517,1844,1538,24,14,0,1,0,0,0,1
50,1,4,2,"Okhaldhunga","Female",20751,854,7127,4878,2405,15,29,789,7,1288,1602,1696,43,18,0,0,0,0,0,0
50,1,5,0,"Khotang","Total",58352,2610,20281,13134,6156,33,84,1995,31,3174,4668,6138,28,17,0,0,0,0,0,3
50,1,5,1,"Khotang","Male",29613,1410,10201,6536,3129,17,52,1004,11,1828,2446,2965,6,7,0,0,0,0,0,1
50,1,5,2,"Khotang","Female",28739,1200,10080,6598,3027,16,32,991,20,1346,2222,3173,22,10,0,0,0,0,0,2
50,1,6,0,"Bhojpur","Total",50770,2484,17755,11064,4182,20,85,1196,19,3275,5028,5600,27,29,0,0,0,0,0,6
50,1,6,1,"Bhojpur","Male",25919,1278,8950,5569,2204,9,44,585,10,1937,2585,2723,8,14,0,0,0,0,0,3
50,1,6,2,"Bhojpur","Female",24851,1206,8805,5495,1978,11,41,611,9,1338,2443,2877,19,15,0,0,0,0,0,3
50,1,7,0,"Dhankuta","Total",42588,2927,14805,9353,3750,7,53,736,17,2122,4326,4424,38,22,0,0,0,0,0,8
50,1,7,1,"Dhankuta","Male",22007,1605,7602,4672,1960,3,26,373,7,1297,2424,1999,23,13,0,0,0,0,0,3
50,1,7,2,"Dhankuta","Female",20581,1322,7203,4681,1790,4,27,363,10,825,1902,2425,15,9,0,0,0,0,0,5
50,1,8,0,"Terhathum","Total",25635,1484,9328,5594,2437,5,34,551,13,1114,2177,2869,13,9,0,1,0,0,0,6
50,1,8,1,"Terhathum","Male",13094,782,4715,2817,1301,2,16,288,5,654,1179,1323,5,2,0,1,0,0,0,4
50,1,8,2,"Terhathum","Female",12541,702,4613,2777,1136,3,18,263,8,460,998,1546,8,7,0,0,0,0,0,2
50,1,9,0,"Panchthar","Total",52803,3282,17811,11522,4798,5,97,942,27,2417,5556,6277,29,33,0,0,0,0,0,7
50,1,9,1,"Panchthar","Male",27389,1762,8932,5802,2576,2,66,509,8,1605,3196,2897,16,13,0,0,0,0,0,5
50,1,9,2,"Panchthar","Female",25414,1520,8879,5720,2222,3,31,433,19,812,2360,3380,13,20,0,0,0,0,0,2
50,1,10,0,"Ilam","Total",72612,4887,24059,15192,7232,26,102,1315,55,3404,8168,8068,54,49,0,0,0,0,0,1
50,1,10,1,"Ilam","Male",37635,2583,12474,7725,3725,13,58,684,25,2162,4673,3459,29,24,0,0,0,0,0,1
50,1,10,2,"Ilam","Female",34977,2304,11585,7467,3507,13,44,631,30,1242,3495,4609,25,25,0,0,0,0,0,0
50,1,11,0,"Jhapa","Total",273973,27039,99060,56704,23261,153,404,8277,199,14858,22223,21350,235,169,0,2,0,0,0,39
50,1,11,1,"Jhapa","Male",138431,14534,51215,28637,11737,115,204,3632,100,7991,11696,8388,83,80,0,1,0,0,0,18
50,1,11,2,"Jhapa","Female",135542,12505,47845,28067,11524,38,200,4645,99,6867,10527,12962,152,89,0,1,0,0,0,21
50,1,12,0,"Morang","Total",334289,30886,115236,64167,26687,110,267,22299,220,21507,25846,26509,296,176,0,0,0,0,4,79
50,1,12,1,"Morang","Male",167438,16630,59104,32500,13678,42,141,9320,121,11257,13444,10979,117,66,0,0,0,0,3,36
50,1,12,2,"Morang","Female",166851,14256,56132,31667,13009,68,126,12979,99,10250,12402,15530,179,110,0,0,0,0,1,43
50,1,13,0,"Sunsari","Total",285858,25313,97995,51439,22128,210,530,23255,300,20880,21478,21824,314,172,0,1,0,0,2,17
50,1,13,1,"Sunsari","Male",142928,13739,50300,26149,11460,134,293,9973,156,10545,10831,9125,145,72,0,0,0,0,0,6
50,1,13,2,"Sunsari","Female",142930,11574,47695,25290,10668,76,237,13282,144,10335,10647,12699,169,100,0,1,0,0,2,11
50,1,14,0,"Udayapur","Total",113009,7639,39180,23294,9645,27,142,4474,81,7581,11055,9737,76,72,0,0,0,0,0,6
50,1,14,1,"Udayapur","Male",56882,4152,20093,11570,4771,9,69,2070,36,4127,5911,4017,29,24,0,0,0,0,0,4
50,1,14,2,"Udayapur","Female",56127,3487,19087,11724,4874,18,73,2404,45,3454,5144,5720,47,48,0,0,0,0,0,2
50,2,15,0,"Saptari","Total",245857,17104,80842,41705,21562,152,142,35127,222,15418,15081,17901,451,116,0,1,0,0,0,33
50,2,15,1,"Saptari","Male",122191,9757,42397,21374,11730,61,76,13532,120,7257,7696,7963,168,42,0,1,0,0,0,17
50,2,15,2,"Saptari","Female",123666,7347,38445,20331,9832,91,66,21595,102,8161,7385,9938,283,74,0,0,0,0,0,16
50,2,16,0,"Siraha","Total",276755,23477,89190,44213,23615,254,690,46326,368,16273,15346,16262,395,209,2,26,1,3,2,103
50,2,16,1,"Siraha","Male",137809,13670,47518,22944,12846,81,409,18670,189,7721,6991,6487,118,89,1,16,1,3,0,55
50,2,16,2,"Siraha","Female",138946,9807,41672,21269,10769,173,281,27656,179,8552,8355,9775,277,120,1,10,0,0,2,48
50,2,17,0,"Dhanusa","Total",325386,27166,104469,51283,25750,299,278,56618,303,18445,20386,19778,289,209,0,2,0,0,5,106
50,2,17,1,"Dhanusa","Male",160434,15609,55299,26740,14482,156,150,22245,158,8670,8833,7839,111,82,0,2,0,0,3,55
50,2,17,2,"Dhanusa","Female",164952,11557,49170,24543,11268,143,128,34373,145,9775,11553,11939,178,127,0,0,0,0,2,51
50,2,18,0,"Mahottari","Total",278524,19748,85253,43653,21863,174,232,62207,311,16345,14877,13403,267,88,2,11,0,1,0,89
50,2,18,1,"Mahottari","Male",136929,11039,43745,22324,12170,82,119,25659,181,7943,7339,6159,75,38,0,5,0,1,0,50
50,2,18,2,"Mahottari","Female",141595,8709,41508,21329,9693,92,113,36548,130,8402,7538,7244,192,50,2,6,0,0,0,39
50,2,19,0,"Sarlahi","Total",337574,22122,102215,52515,24840,181,494,80328,364,21175,18226,14712,192,111,0,4,0,0,0,95
50,2,19,1,"Sarlahi","Male",169794,12544,53055,27231,13654,87,265,34110,207,11204,10287,6965,77,50,0,3,0,0,0,55
50,2,19,2,"Sarlahi","Female",167780,9578,49160,25284,11186,94,229,46218,157,9971,7939,7747,115,61,0,1,0,0,0,40
50,2,20,0,"Rautahat","Total",344481,20771,104030,46536,21571,1577,822,92158,376,24036,17568,12911,1825,267,0,4,0,0,0,29
50,2,20,1,"Rautahat","Male",171460,11196,53691,24352,12092,669,420,38784,221,12330,10157,6701,703,121,0,3,0,0,0,20
50,2,20,2,"Rautahat","Female",173021,9575,50339,22184,9479,908,402,53374,155,11706,7411,6210,1122,146,0,1,0,0,0,9
50,2,21,0,"Bara","Total",301391,20378,93991,47014,21945,109,686,54830,405,24310,21167,16137,225,177,0,0,0,1,0,16
50,2,21,1,"Bara","Male",153581,11077,48937,24191,11849,47,365,23275,240,13005,12248,8146,107,87,0,0,0,0,0,7
50,2,21,2,"Bara","Female",147810,9301,45054,22823,10096,62,321,31555,165,11305,8919,7991,118,90,0,0,0,1,0,9
50,2,22,0,"Parsa","Total",253220,18732,81787,41883,19605,156,363,35191,333,22292,19435,13059,210,85,0,5,1,2,0,81
50,2,22,1,"Parsa","Male",129585,10272,42566,21538,10789,76,205,14521,182,11420,11235,6610,85,37,0,3,0,1,0,45
50,2,22,2,"Parsa","Female",123635,8460,39221,20345,8816,80,158,20670,151,10872,8200,6449,125,48,0,2,1,1,0,36
50,3,23,0,"Dolakha","Total",47600,3070,16778,11117,5155,38,59,1232,23,2811,4027,3185,61,34,0,0,0,0,0,10
50,3,23,1,"Dolakha","Male",23999,1689,8447,5529,2530,16,31,581,11,1504,2140,1471,25,17,0,0,0,0,0,8
50,3,23,2,"Dolakha","Female",23601,1381,8331,5588,2625,22,28,651,12,1307,1887,1714,36,17,0,0,0,0,0,2
50,3,24,0,"Sindhupalchok","Total",74803,4578,25744,16307,7286,61,136,3210,44,5898,6601,4719,143,73,0,0,0,0,0,3
50,3,24,1,"Sindhupalchok","Male",37677,2409,13025,7947,3557,17,68,1490,20,3168,3637,2242,63,32,0,0,0,0,0,2
50,3,24,2,"Sindhupalchok","Female",37126,2169,12719,8360,3729,44,68,1720,24,2730,2964,2477,80,41,0,0,0,0,0,1
50,3,25,0,"Rasuwa","Total",13813,863,4929,2741,1273,9,14,569,4,945,1268,1101,87,7,0,0,0,0,0,3
50,3,25,1,"Rasuwa","Male",7048,446,2529,1305,653,7,9,248,2,512,720,570,41,3,0,0,0,0,0,3
50,3,25,2,"Rasuwa","Female",6765,417,2400,1436,620,2,5,321,2,433,548,531,46,4,0,0,0,0,0,0
50,3,26,0,"Dhading","Total",96095,6266,33774,21215,8888,28,154,3179,54,8172,8584,5509,188,67,0,1,1,0,1,14
50,3,26,1,"Dhading","Male",48868,3399,17334,10551,4407,10,95,1445,31,4603,4396,2460,94,34,0,0,1,0,1,7
50,3,26,2,"Dhading","Female",47227,2867,16440,10664,4481,18,59,1734,23,3569,4188,3049,94,33,0,1,0,0,0,7
50,3,27,0,"Nuwakot","Total",75013,4891,26748,15923,6701,53,78,2750,36,5473,6651,5522,103,69,0,0,0,0,1,14
50,3,27,1,"Nuwakot","Male",37815,2681,13433,7870,3230,19,48,1242,19,3016,3588,2584,46,31,0,0,0,0,1,7
50,3,27,2,"Nuwakot","Female",37198,2210,13315,8053,3471,34,30,1508,17,2457,3063,2938,57,38,0,0,0,0,0,7
50,3,28,0,"Kathmandu","Total",404864,44188,150572,97992,36966,3251,508,10937,465,17317,24280,17282,681,388,0,2,0,0,3,32
50,3,28,1,"Kathmandu","Male",220033,24660,81989,52150,20015,2437,314,5481,276,10079,13940,8084,368,214,0,2,0,0,3,21
50,3,28,2,"Kathmandu","Female",184831,19528,68583,45842,16951,814,194,5456,189,7238,10340,9198,313,174,0,0,0,0,0,11
50,3,29,0,"Bhaktapur","Total",86598,9517,33034,19904,8149,64,216,1934,48,3996,5328,4202,116,85,0,1,0,0,1,3
50,3,29,1,"Bhaktapur","Male",46964,5347,18022,10606,4405,31,115,946,25,2257,3086,2025,52,46,0,1,0,0,0,0
50,3,29,2,"Bhaktapur","Female",39634,4170,15012,9298,3744,33,101,988,23,1739,2242,2177,64,39,0,0,0,0,1,3
50,3,30,0,"Lalitpur","Total",112533,10583,41002,26486,11821,192,286,2959,73,5672,7269,5896,139,145,0,1,0,0,1,8
50,3,30,1,"Lalitpur","Male",59796,5792,21873,13788,6079,161,135,1463,38,3259,4206,2842,81,75,0,0,0,0,0,4
50,3,30,2,"Lalitpur","Female",52737,4791,19129,12698,5742,31,151,1496,35,2413,3063,3054,58,70,0,1,0,0,1,4
50,3,31,0,"Kavrepalanchok","Total",91080,6721,32210,20392,9061,30,204,2727,51,5593,7628,6283,99,76,0,0,0,0,1,4
50,3,31,1,"Kavrepalanchok","Male",46918,3763,16651,10160,4549,14,112,1277,33,3082,4265,2933,41,34,0,0,0,0,0,4
50,3,31,2,"Kavrepalanchok","Female",44162,2958,15559,10232,4512,16,92,1450,18,2511,3363,3350,58,42,0,0,0,0,1,0
50,3,32,0,"Ramechhap","Total",48924,2589,16280,11645,5287,61,66,1524,41,2930,4108,4252,93,42,0,0,0,0,1,5
50,3,32,1,"Ramechhap","Male",24381,1374,8187,5642,2603,44,38,699,19,1542,2250,1928,34,18,0,0,0,0,1,2
50,3,32,2,"Ramechhap","Female",24543,1215,8093,6003,2684,17,28,825,22,1388,1858,2324,59,24,0,0,0,0,0,3
50,3,33,0,"Sindhuli","Total",101081,5531,34505,21140,9379,31,146,5146,60,7808,9074,8003,146,70,0,0,0,0,0,42
50,3,33,1,"Sindhuli","Male",50827,2958,17536,10489,4548,14,72,2201,32,4084,5032,3751,56,31,0,0,0,0,0,23
50,3,33,2,"Sindhuli","Female",50254,2573,16969,10651,4831,17,74,2945,28,3724,4042,4252,90,39,0,0,0,0,0,19
50,3,34,0,"Makwanpur","Total",146072,8682,48433,27524,10506,59,289,6920,93,17121,17558,8586,165,130,0,0,0,0,0,6
50,3,34,1,"Makwanpur","Male",75499,4675,25000,13498,5074,31,146,3318,42,9905,9687,3973,81,67,0,0,0,0,0,2
50,3,34,2,"Makwanpur","Female",70573,4007,23433,14026,5432,28,143,3602,51,7216,7871,4613,84,63,0,0,0,0,0,4
50,3,35,0,"Chitawan","Total",182615,15805,64961,38540,15420,80,278,6400,145,13639,15965,11042,194,118,0,2,0,0,6,20
50,3,35,1,"Chitawan","Male",96549,8768,34896,20125,8035,37,140,3203,75,7740,8485,4873,98,61,0,1,0,0,4,8
50,3,35,2,"Chitawan","Female",86066,7037,30065,18415,7385,43,138,3197,70,5899,7480,6169,96,57,0,1,0,0,2,12
50,4,36,0,"Gorkha","Total",68065,3559,24760,16244,7436,124,374,1790,79,4316,5591,3287,132,104,4,39,8,7,1,210
50,4,36,1,"Gorkha","Male",33999,1928,12799,8106,3692,62,189,771,37,2290,2478,1398,67,55,3,15,6,5,1,97
50,4,36,2,"Gorkha","Female",34066,1631,11961,8138,3744,62,185,1019,42,2026,3113,1889,65,49,1,24,2,2,0,113
50,4,37,0,"Manang","Total",927,102,308,181,81,5,0,18,2,92,86,46,3,1,0,1,0,0,1,0
50,4,37,1,"Manang","Male",492,53,155,80,50,5,0,10,1,51,56,28,1,1,0,0,0,0,1,0
50,4,37,2,"Manang","Female",435,49,153,101,31,0,0,8,1,41,30,18,2,0,0,1,0,0,0,0
50,4,38,0,"Mustang","Total",3984,454,1361,763,354,35,28,125,25,336,292,174,6,6,0,1,0,1,0,23
50,4,38,1,"Mustang","Male",2203,250,706,444,210,28,15,53,10,190,164,111,4,2,0,0,0,0,0,16
50,4,38,2,"Mustang","Female",1781,204,655,319,144,7,13,72,15,146,128,63,2,4,0,1,0,1,0,7
50,4,39,0,"Myagdi","Total",29532,1850,11124,7148,2822,24,73,451,34,1582,2491,1725,37,44,0,23,7,3,0,94
50,4,39,1,"Myagdi","Male",15214,1027,5784,3529,1500,12,36,218,19,854,1236,878,22,24,0,14,6,3,0,52
50,4,39,2,"Myagdi","Female",14318,823,5340,3619,1322,12,37,233,15,728,1255,847,15,20,0,9,1,0,0,42
50,4,40,0,"Kaski","Total",141039,13929,50208,32556,15137,90,1196,2281,232,5850,9457,8713,69,281,37,88,40,31,5,839
50,4,40,1,"Kaski","Male",75315,7839,27305,17014,7973,42,634,1203,123,3372,5123,3979,20,151,15,43,16,14,4,445
50,4,40,2,"Kaski","Female",65724,6090,22903,15542,7164,48,562,1078,109,2478,4334,4734,49,130,22,45,24,17,1,394
50,4,41,0,"Lamjung","Total",39038,2769,13805,9679,4292,48,220,755,47,2089,2940,2245,17,53,2,17,1,4,0,55
50,4,41,1,"Lamjung","Male",19862,1514,7148,4876,2205,20,111,388,24,1124,1363,1011,11,28,1,6,0,2,0,30
50,4,41,2,"Lamjung","Female",19176,1255,6657,4803,2087,28,109,367,23,965,1577,1234,6,25,1,11,1,2,0,25
50,4,42,0,"Tanahu","Total",86981,6363,30474,20107,8628,38,350,1378,117,4738,8123,6061,49,127,10,48,16,14,0,340
50,4,42,1,"Tanahu","Male",44145,3535,16042,10096,4459,13,189,686,68,2511,3824,2415,20,60,7,24,8,7,0,181
50,4,42,2,"Tanahu","Female",42836,2828,14432,10011,4169,25,161,692,49,2227,4299,3646,29,67,3,24,8,7,0,159
50,4,43,0,"Nawalparasi (Bardaghat Susta East)","Total",105309,10282,36476,22435,10206,54,323,1964,158,6018,10096,6743,42,101,7,40,9,16,1,338
50,4,43,1,"Nawalparasi (Bardaghat Susta East)","Male",53885,5679,19302,11563,5255,19,172,941,69,3165,4781,2655,18,44,5,26,4,7,0,180
50,4,43,2,"Nawalparasi (Bardaghat Susta East)","Female",51424,4603,17174,10872,4951,35,151,1023,89,2853,5315,4088,24,57,2,14,5,9,1,158
50,4,44,0,"Syangja","Total",60303,4353,21849,15182,6558,42,252,839,51,2103,3638,5062,59,100,4,37,4,6,2,162
50,4,44,1,"Syangja","Male",30856,2428,11523,7830,3426,16,127,399,21,1120,1783,2000,19,47,2,19,3,4,2,87
50,4,44,2,"Syangja","Female",29447,1925,10326,7352,3132,26,125,440,30,983,1855,3062,40,53,2,18,1,2,0,75
50,4,45,0,"Parbat","Total",33577,2605,12681,8184,3390,18,129,696,32,1366,1983,2312,12,35,1,11,4,5,1,112
50,4,45,1,"Parbat","Male",17352,1443,6771,4165,1786,8,68,332,11,760,906,1002,9,17,0,7,2,2,0,63
50,4,45,2,"Parbat","Female",16225,1162,5910,4019,1604,10,61,364,21,606,1077,1310,3,18,1,4,2,3,1,49
50,4,46,0,"Baglung","Total",75144,5215,28217,17369,7323,60,278,1606,76,4372,5454,4801,68,86,5,32,7,8,5,162
50,4,46,1,"Baglung","Male",37509,2860,14810,8671,3769,16,138,707,41,2055,2307,1960,27,36,3,20,3,6,5,75
50,4,46,2,"Baglung","Female",37635,2355,13407,8698,3554,44,140,899,35,2317,3147,2841,41,50,2,12,4,2,0,87
50,5,47,0,"Rukum (East)","Total",20745,1191,7388,4234,2173,19,66,889,12,1526,1693,1426,53,41,0,5,0,1,0,28
50,5,47,1,"Rukum (East)","Male",10221,623,3697,2093,1126,9,29,352,6,739,811,682,25,12,0,4,0,0,0,13
50,5,47,2,"Rukum (East)","Female",10524,568,3691,2141,1047,10,37,537,6,787,882,744,28,29,0,1,0,1,0,15
50,5,48,0,"Rolpa","Total",92226,4854,33043,18304,7815,109,191,2993,101,9604,9665,5188,133,82,4,32,3,4,0,101
50,5,48,1,"Rolpa","Male",44857,2568,16838,8933,3681,37,84,1165,35,4715,4540,2119,38,36,2,13,2,4,0,47
50,5,48,2,"Rolpa","Female",47369,2286,16205,9371,4134,72,107,1828,66,4889,5125,3069,95,46,2,19,1,0,0,54
50,5,49,0,"Pyuthan","Total",90746,5202,34138,18877,6969,94,265,2346,81,9484,8996,3931,154,117,0,31,4,2,0,55
50,5,49,1,"Pyuthan","Male",42936,2791,17473,9100,3271,24,118,920,43,4164,3427,1479,42,42,0,14,1,1,0,26
50,5,49,2,"Pyuthan","Female",47810,2411,16665,9777,3698,70,147,1426,38,5320,5569,2452,112,75,0,17,3,1,0,29
50,5,50,0,"Gulmi","Total",74528,6711,27225,16443,6414,52,206,1336,96,5302,6141,4364,89,83,1,17,2,0,0,46
50,5,50,1,"Gulmi","Male",36621,3703,14289,8225,3103,24,93,642,46,2629,2309,1453,41,28,0,8,1,0,0,27
50,5,50,2,"Gulmi","Female",37907,3008,12936,8218,3311,28,113,694,50,2673,3832,2911,48,55,1,9,1,0,0,19
50,5,51,0,"Arghakhanchi","Total",54300,3970,20094,12452,4538,22,123,1086,46,3338,4861,3620,41,50,0,14,1,1,0,43
50,5,51,1,"Arghakhanchi","Male",26680,2192,10781,6187,2211,12,56,516,22,1544,1918,1174,19,18,0,8,0,1,0,21
50,5,51,2,"Arghakhanchi","Female",27620,1778,9313,6265,2327,10,67,570,24,1794,2943,2446,22,32,0,6,1,0,0,22
50,5,52,0,"Palpa","Total",68159,4661,24197,15645,6380,40,188,925,58,3619,6420,5738,94,86,1,31,4,4,0,68
50,5,52,1,"Palpa","Male",33991,2514,12583,7851,3309,18,102,464,28,1879,2817,2294,34,42,1,16,4,1,0,34
50,5,52,2,"Palpa","Female",34168,2147,11614,7794,3071,22,86,461,30,1740,3603,3444,60,44,0,15,0,3,0,34
50,5,53,0,"Nawalparasi (Bardaghat Susta West)","Total",122282,12878,39525,22203,10898,171,247,4629,222,9590,12389,9057,179,128,4,33,1,9,0,119
50,5,53,1,"Nawalparasi (Bardaghat Susta West)","Male",61949,7081,20505,11337,5571,52,123,1858,114,4855,6262,3970,73,56,1,17,0,2,0,72
50,5,53,2,"Nawalparasi (Bardaghat Susta West)","Female",60333,5797,19020,10866,5327,119,124,2771,108,4735,6127,5087,106,72,3,16,1,7,0,47
50,5,54,0,"Rupandehi","Total",354761,35004,118797,67948,30287,279,942,17191,608,27349,31601,23012,473,579,10,80,8,10,2,581
50,5,54,1,"Rupandehi","Male",181714,19327,62516,35121,16162,119,458,6800,311,13116,16190,10755,193,293,4,44,3,7,0,295
50,5,54,2,"Rupandehi","Female",173047,15677,56281,32827,14125,160,484,10391,297,14233,15411,12257,280,286,6,36,5,3,2,286
50,5,55,0,"Kapilbastu","Total",270753,21910,90490,42007,18036,251,765,26103,568,30596,22694,16114,524,312,7,46,6,3,0,321
50,5,55,1,"Kapilbastu","Male",134510,11991,46398,21208,9496,82,365,10654,330,14043,11613,7863,149,134,4,21,4,1,0,154
50,5,55,2,"Kapilbastu","Female",136243,9919,44092,20799,8540,169,400,15449,238,16553,11081,8251,375,178,3,25,2,2,0,167
50,5,56,0,"Dang","Total",220847,17717,73409,45482,22236,196,690,4064,235,14366,22796,18817,286,260,3,52,8,8,5,217
50,5,56,1,"Dang","Male",109672,9600,38525,22576,10797,88,339,1788,93,7230,11014,7264,109,102,1,33,4,3,2,104
50,5,56,2,"Dang","Female",111175,8117,34884,22906,11439,108,351,2276,142,7136,11782,11553,177,158,2,19,4,5,3,113
50,5,57,0,"Banke","Total",218792,17341,67332,34503,15650,706,810,30652,429,19690,16005,14336,631,396,1,52,7,11,4,236
50,5,57,1,"Banke","Male",110813,9683,35449,17865,8151,334,396,13410,216,9974,8427,6354,228,160,1,27,3,5,2,128
50,5,57,2,"Banke","Female",107979,7658,31883,16638,7499,372,414,17242,213,9716,7578,7982,403,236,0,25,4,6,2,108
50,5,58,0,"Bardiya","Total",149561,10345,47703,29172,12984,148,335,4953,146,10158,18092,14846,324,197,2,35,9,6,1,105
50,5,58,1,"Bardiya","Male",73163,5634,24873,14461,6098,64,175,2051,75,5113,8767,5595,104,80,1,16,4,2,0,50
50,5,58,2,"Bardiya","Female",76398,4711,22830,14711,6886,84,160,2902,71,5045,9325,9251,220,117,1,19,5,4,1,55
50,6,59,0,"Dolpa","Total",16395,818,5767,3043,1725,68,191,2040,24,1315,728,597,23,21,0,3,0,0,0,32
50,6,59,1,"Dolpa","Male",7930,437,2884,1484,882,34,86,787,7,565,400,323,13,8,0,2,0,0,0,18
50,6,59,2,"Dolpa","Female",8465,381,2883,1559,843,34,105,1253,17,750,328,274,10,13,0,1,0,0,0,14
50,6,60,0,"Mugu","Total",26527,1658,10494,5213,2448,66,105,2047,29,1168,1305,1894,31,39,0,8,0,0,0,22
50,6,60,1,"Mugu","Male",13071,902,5326,2611,1228,35,62,740,16,561,605,938,16,20,0,4,0,0,0,7
50,6,60,2,"Mugu","Female",13456,756,5168,2602,1220,31,43,1307,13,607,700,956,15,19,0,4,0,0,0,15
50,6,61,0,"Humla","Total",20826,1511,7973,4277,2180,71,59,2173,23,983,691,757,61,17,0,5,0,2,0,43
50,6,61,1,"Humla","Male",10175,816,3998,2090,1107,51,25,816,14,466,358,372,26,9,0,2,0,1,0,24
50,6,61,2,"Humla","Female",10651,695,3975,2187,1073,20,34,1357,9,517,333,385,35,8,0,3,0,1,0,19
50,6,62,0,"Jumla","Total",45202,3522,15547,9348,5342,42,226,3621,70,2510,2343,2213,73,74,0,12,0,1,3,255
50,6,62,1,"Jumla","Male",22065,1866,7818,4696,2713,14,95,1357,27,1122,1078,1083,25,40,0,6,0,1,2,122
50,6,62,2,"Jumla","Female",23137,1656,7729,4652,2629,28,131,2264,43,1388,1265,1130,48,34,0,6,0,0,1,133
50,6,63,0,"Kalikot","Total",57210,2505,22832,13752,7437,63,157,2379,35,1993,2413,3399,25,37,0,17,1,3,0,162
50,6,63,1,"Kalikot","Male",28245,1365,11567,6881,3663,20,87,932,11,932,1145,1526,11,17,0,7,1,1,0,79
50,6,63,2,"Kalikot","Female",28965,1140,11265,6871,3774,43,70,1447,24,1061,1268,1873,14,20,0,10,0,2,0,83
50,6,64,0,"Dailekh","Total",97966,3883,36216,22283,11018,105,336,3509,72,4975,7251,7893,123,90,1,35,3,0,0,173
50,6,64,1,"Dailekh","Male",47708,2100,18251,11036,5397,48,160,1478,28,2335,3439,3232,55,41,1,17,2,0,0,88
50,6,64,2,"Dailekh","Female",50258,1783,17965,11247,5621,57,176,2031,44,2640,3812,4661,68,49,0,18,1,0,0,85
50,6,65,0,"Jajarkot","Total",75637,3684,29615,17551,8672,45,215,2841,50,3133,4334,5161,88,68,2,17,0,5,0,156
50,6,65,1,"Jajarkot","Male",37412,1925,14896,8743,4270,21,106,1245,24,1584,2166,2277,35,29,0,9,0,0,0,82
50,6,65,2,"Jajarkot","Female",38225,1759,14719,8808,4402,24,109,1596,26,1549,2168,2884,53,39,2,8,0,5,0,74
50,6,66,0,"Rukum (West)","Total",60509,2989,22411,13907,7301,30,239,1829,24,2600,3970,4973,55,45,0,8,2,1,2,123
50,6,66,1,"Rukum (West)","Male",30028,1618,11484,6879,3703,13,123,804,12,1307,1902,2072,22,23,0,4,2,1,1,58
50,6,66,2,"Rukum (West)","Female",30481,1371,10927,7028,3598,17,116,1025,12,1293,2068,2901,33,22,0,4,0,0,1,65
50,6,67,0,"Salyan","Total",88029,4016,29044,19483,9660,45,336,1993,58,4330,8944,9808,44,95,0,20,5,2,0,146
50,6,67,1,"Salyan","Male",43739,2179,14851,9797,4793,22,163,945,33,2313,4529,3971,15,38,0,9,2,1,0,78
50,6,67,2,"Salyan","Female",44290,1837,14193,9686,4867,23,173,1048,25,2017,4415,5837,29,57,0,11,3,1,0,68
50,6,68,0,"Surkhet","Total",142121,10041,50053,32128,13470,102,437,2586,120,7501,12827,12259,103,210,3,40,13,9,0,219
50,6,68,1,"Surkhet","Male",71226,5552,26152,16291,6860,49,202,1181,53,3811,5922,4875,47,84,3,14,8,4,0,118
50,6,68,2,"Surkhet","Female",70895,4489,23901,15837,6610,53,235,1405,67,3690,6905,7384,56,126,0,26,5,5,0,101
50,7,69,0,"Bajura","Total",55480,3036,20932,12629,6416,40,246,3120,48,2410,2640,3709,100,52,0,15,1,2,0,84
50,7,69,1,"Bajura","Male",26925,1598,10594,6191,3138,18,114,1247,21,1119,1131,1646,45,18,0,7,0,1,0,37
50,7,69,2,"Bajura","Female",28555,1438,10338,6438,3278,22,132,1873,27,1291,1509,2063,55,34,0,8,1,1,0,47
50,7,70,0,"Bajhang","Total",77458,4133,30199,17410,8701,49,225,4680,66,3662,3697,4442,69,49,0,12,2,4,1,57
50,7,70,1,"Bajhang","Male",37046,2193,15130,8611,4199,13,106,1608,27,1524,1570,1975,23,25,0,4,2,2,1,33
50,7,70,2,"Bajhang","Female",40412,1940,15069,8799,4502,36,119,3072,39,2138,2127,2467,46,24,0,8,0,2,0,24
50,7,71,0,"Darchula","Total",46952,2918,16935,11105,5342,18,108,1477,46,2072,2900,3887,60,32,0,8,2,0,0,42
50,7,71,1,"Darchula","Male",22823,1515,8556,5487,2754,8,50,625,20,875,1208,1671,18,10,0,2,1,0,0,23
50,7,71,2,"Darchula","Female",24129,1403,8379,5618,2588,10,58,852,26,1197,1692,2216,42,22,0,6,1,0,0,19
50,7,72,0,"Baitadi","Total",88486,4136,33344,20894,11105,48,300,3041,58,3592,4262,7386,98,78,1,24,1,3,0,115
50,7,72,1,"Baitadi","Male",42414,2230,16797,10441,5452,14,160,1144,24,1391,1687,2947,32,27,0,11,0,2,0,55
50,7,72,2,"Baitadi","Female",46072,1906,16547,10453,5653,34,140,1897,34,2201,2575,4439,66,51,1,13,1,1,0,60
50,7,73,0,"Dadeldhura","Total",50895,2939,18376,11598,5401,13,55,1257,35,2696,4228,4154,58,28,0,10,0,2,0,45
50,7,73,1,"Dadeldhura","Male",24695,1607,9501,5851,2635,2,22,513,17,1118,1734,1630,23,15,0,5,0,1,0,21
50,7,73,2,"Dadeldhura","Female",26200,1332,8875,5747,2766,11,33,744,18,1578,2494,2524,35,13,0,5,0,1,0,24
50,7,74,0,"Doti","Total",85411,5371,32584,17820,7743,42,213,5580,87,5814,5507,4407,101,68,1,11,1,1,0,60
50,7,74,1,"Doti","Male",40246,2930,16473,8822,3748,14,109,1937,47,2196,2218,1660,28,26,0,7,1,1,0,29
50,7,74,2,"Doti","Female",45165,2441,16111,8998,3995,28,104,3643,40,3618,3289,2747,73,42,1,4,0,0,0,31
50,7,75,0,"Achham","Total",96356,5767,37807,21241,9502,105,147,4735,107,5350,5199,5930,225,92,0,24,3,2,0,120
50,7,75,1,"Achham","Male",45481,3005,18762,10367,4469,25,60,1729,46,2288,2189,2371,67,39,0,9,3,1,0,51
50,7,75,2,"Achham","Female",50875,2762,19045,10874,5033,80,87,3006,61,3062,3010,3559,158,53,0,15,0,1,0,69
50,7,76,0,"Kailali","Total",305052,27058,99488,63839,31535,186,828,7930,418,17243,25821,29403,535,357,3,80,10,10,1,307
50,7,76,1,"Kailali","Male",152543,14984,52058,31791,15258,68,420,3481,213,8757,12755,12188,216,150,0,33,5,5,0,161
50,7,76,2,"Kailali","Female",152509,12074,47430,32048,16277,118,408,4449,205,8486,13066,17215,319,207,3,47,5,5,1,146
50,7,77,0,"Kanchanpur","Total",168998,15137,56265,37163,16802,89,424,3815,177,8980,13185,16328,201,279,4,33,2,7,0,107
50,7,77,1,"Kanchanpur","Male",84165,8522,29977,18552,8135,28,205,1644,82,4417,6137,6205,68,111,2,17,0,3,0,60
50,7,77,2,"Kanchanpur","Female",84833,6615,26288,18611,8667,61,219,2171,95,4563,7048,10123,133,168,2,16,2,4,0,47
