area,prov,dist,sex,area_name,sexname,rowtotal,a_armed,b_managr,c_profesnl,d_technician,e_clerical,f_service,g_skillagri,h_craft,i_plant,j_elementary,k_notstd
10,0,0,0,"Nepal","Both Sexes",14982993,104669,771840,569327,278772,197523,869669,7503041,836112,402179,3437096,12765
10,0,0,1,"Nepal","Male",7876561,95804,522968,342539,180031,113183,560069,3459402,683669,382058,1529441,7397
10,0,0,2,"Nepal","Female",7106432,8865,248872,226788,98741,84340,309600,4043639,152443,20121,1907655,5368
21,0,0,0,"Urban Munipalities","Both Sexes",9548012,89359,630991,431494,235134,169280,709279,3883161,619900,309217,2462386,7811
21,0,0,1,"Urban Munipalities","Male",5118391,81442,431499,259004,152240,95436,455801,1773013,499000,292853,1073413,4690
21,0,0,2,"Urban Munipalities","Female",4429621,7917,199492,172490,82894,73844,253478,2110148,120900,16364,1388973,3121
22,0,0,0,"Rural Municipalities","Both Sexes",5434981,15310,140849,137833,43638,28243,160390,3619880,216212,92962,974710,4954
22,0,0,1,"Rural Municipalities","Male",2758170,14362,91469,83535,27791,17747,104268,1686389,184669,89205,456028,2707
22,0,0,2,"Rural Municipalities","Female",2676811,948,49380,54298,15847,10496,56122,1933491,31543,3757,518682,2247
31,0,0,0,"Mountain","Both Sexes",1038580,6550,32668,31750,11177,7145,35700,752837,26861,11381,121987,524
31,0,0,1,"Mountain","Male",518540,6260,20835,20027,7052,4676,22857,344369,22538,10899,58738,289
31,0,0,2,"Mountain","Female",520040,290,11833,11723,4125,2469,12843,408468,4323,482,63249,235
32,0,0,0,"Hill","Both Sexes",6479444,68349,385442,297428,152016,116114,413909,3450634,308511,156229,1125133,5679
32,0,0,1,"Hill","Male",3286152,61909,254095,171906,94570,61893,252022,1516138,237028,147218,486442,2931
32,0,0,2,"Hill","Female",3193292,6440,131347,125522,57446,54221,161887,1934496,71483,9011,638691,2748
33,0,0,0,"Tarai","Both Sexes",7464969,29770,353730,240149,115579,74264,420060,3299570,500740,234569,2189976,6562
33,0,0,1,"Tarai","Male",4071869,27635,248038,150606,78409,46614,285190,1598895,424103,223941,984261,4177
33,0,0,2,"Tarai","Female",3393100,2135,105692,89543,37170,27650,134870,1700675,76637,10628,1205715,2385
40,1,0,0,"Province-1","Both Sexes",2834056,11197,139648,91579,43755,28625,150183,1544745,149104,79045,594511,1664
40,1,0,1,"Province-1","Male",1475169,10378,88312,52428,27898,16948,87791,728229,123315,74641,264222,1007
40,1,0,2,"Province-1","Female",1358887,819,51336,39151,15857,11677,62392,816516,25789,4404,330289,657
40,2,0,0,"Madhesh","Both Sexes",2550293,6884,74590,75953,30929,18997,126879,1049001,179357,70108,915604,1991
40,2,0,1,"Madhesh","Male",1502882,6502,59808,55733,24147,14797,101117,598600,159801,67719,413248,1410
40,2,0,2,"Madhesh","Female",1047411,382,14782,20220,6782,4200,25762,450401,19556,2389,502356,581
40,3,0,0,"Bagmati","Both Sexes",3246669,46971,269562,192378,120142,91034,307158,1197577,211641,115115,693864,1227
40,3,0,1,"Bagmati","Male",1757242,41926,183820,113465,76474,47776,192025,539305,158478,107923,295310,740
40,3,0,2,"Bagmati","Female",1489427,5045,85742,78913,43668,43258,115133,658272,53163,7192,398554,487
40,4,0,0,"Gandaki","Both Sexes",1320180,9597,92876,57003,23272,17548,76056,681529,68168,37614,253297,3220
40,4,0,1,"Gandaki","Male",643535,8919,56920,29579,13471,8432,41861,285869,54652,35840,106398,1594
40,4,0,2,"Gandaki","Female",676645,678,35956,27424,9801,9116,34195,395660,13516,1774,146899,1626
40,5,0,0,"Lumbini","Both Sexes",2625862,14209,119124,80676,34883,24228,121849,1417990,144185,68590,597012,3116
40,5,0,1,"Lumbini","Male",1342549,13207,82258,45720,21859,14022,80094,627825,120358,65709,269713,1784
40,5,0,2,"Lumbini","Female",1283313,1002,36866,34956,13024,10206,41755,790165,23827,2881,327299,1332
40,6,0,0,"Karnali","Both Sexes",926333,7181,29775,26658,10087,6587,31038,646800,27581,9563,130240,823
40,6,0,1,"Karnali","Male",455453,6767,19010,16859,6256,4228,18501,288985,22603,9070,62756,418
40,6,0,2,"Karnali","Female",470880,414,10765,9799,3831,2359,12537,357815,4978,493,67484,405
40,7,0,0,"Sudur Paschim","Both Sexes",1479600,8630,46265,45080,15704,10504,56506,965399,56076,22144,252568,724
40,7,0,1,"Sudur Paschim","Male",699731,8105,32840,28755,9926,6980,38680,390589,44462,21156,117794,444
40,7,0,2,"Sudur Paschim","Female",779869,525,13425,16325,5778,3524,17826,574810,11614,988,134774,280
50,1,1,0,"Taplejung","Both Sexes",72880,171,2011,2446,618,475,1827,54423,1534,842,8524,9
50,1,1,1,"Taplejung","Male",38178,167,1190,1404,354,289,981,27736,1283,806,3962,6
50,1,1,2,"Taplejung","Female",34702,4,821,1042,264,186,846,26687,251,36,4562,3
50,1,2,0,"Sankhuwasabha","Both Sexes",118841,673,3384,2981,1354,563,4201,95093,2473,1414,6639,66
50,1,2,1,"Sankhuwasabha","Male",60228,658,2002,1820,972,369,2125,45354,2012,1368,3513,35
50,1,2,2,"Sankhuwasabha","Female",58613,15,1382,1161,382,194,2076,49739,461,46,3126,31
50,1,3,0,"Solukhumbu","Both Sexes",67140,235,3465,2305,556,438,3033,47504,2643,539,6407,15
50,1,3,1,"Solukhumbu","Male",34200,223,1803,1304,306,244,2297,21908,2466,513,3132,4
50,1,3,2,"Solukhumbu","Female",32940,12,1662,1001,250,194,736,25596,177,26,3275,11
50,1,4,0,"Okhaldhunga","Both Sexes",85069,626,1585,2307,721,485,2244,65194,2043,809,9044,11
50,1,4,1,"Okhaldhunga","Male",41921,570,986,1241,362,306,1315,30347,1807,778,4201,8
50,1,4,2,"Okhaldhunga","Female",43148,56,599,1066,359,179,929,34847,236,31,4843,3
50,1,5,0,"Khotang","Both Sexes",122590,682,2010,2870,845,566,3021,104821,1526,498,5734,17
50,1,5,1,"Khotang","Male",60881,638,1223,1607,451,384,1624,50526,1295,468,2654,11
50,1,5,2,"Khotang","Female",61709,44,787,1263,394,182,1397,54295,231,30,3080,6
50,1,6,0,"Bhojpur","Both Sexes",103262,641,2234,2229,686,517,2029,84868,1688,565,7790,15
50,1,6,1,"Bhojpur","Male",51876,598,1341,1217,374,337,1243,41399,1313,548,3498,8
50,1,6,2,"Bhojpur","Female",51386,43,893,1012,312,180,786,43469,375,17,4292,7
50,1,7,0,"Dhankuta","Both Sexes",105413,1299,3833,2786,833,804,2846,81905,2273,1315,7497,22
50,1,7,1,"Dhankuta","Male",52205,1231,2180,1431,487,491,1429,38271,1919,1265,3487,14
50,1,7,2,"Dhankuta","Female",53208,68,1653,1355,346,313,1417,43634,354,50,4010,8
50,1,8,0,"Terhathum","Both Sexes",64268,197,1649,1904,511,393,1615,52646,1512,422,3397,22
50,1,8,1,"Terhathum","Male",31660,191,975,1038,302,239,818,25179,897,405,1608,8
50,1,8,2,"Terhathum","Female",32608,6,674,866,209,154,797,27467,615,17,1789,14
50,1,9,0,"Panchthar","Both Sexes",106892,719,3395,3091,787,634,2992,81149,2312,1165,10619,29
50,1,9,1,"Panchthar","Male",54893,668,1986,1698,454,378,1611,40466,1910,1118,4587,17
50,1,9,2,"Panchthar","Female",51999,51,1409,1393,333,256,1381,40683,402,47,6032,12
50,1,10,0,"Ilam","Both Sexes",180232,757,5677,4977,1583,1202,6268,131708,4661,3395,19972,32
50,1,10,1,"Ilam","Male",93722,709,3282,2818,951,705,3086,66150,3972,3276,8751,22
50,1,10,2,"Ilam","Female",86510,48,2395,2159,632,497,3182,65558,689,119,11221,10
50,1,11,0,"Jhapa","Both Sexes",580065,1225,41236,19249,10005,7002,39602,264848,38583,19552,138322,441
50,1,11,1,"Jhapa","Male",296112,1124,25924,10854,6135,3802,21765,117785,30440,18823,59227,233
50,1,11,2,"Jhapa","Female",283953,101,15312,8395,3870,3200,17837,147063,8143,729,79095,208
50,1,12,0,"Morang","Both Sexes",602925,1407,35749,22107,13485,8816,40078,231174,41409,24137,184049,514
50,1,12,1,"Morang","Male",325383,1261,23987,13227,9133,5425,25100,106587,34895,22713,82720,335
50,1,12,2,"Morang","Female",277542,146,11762,8880,4352,3391,14978,124587,6514,1424,101329,179
50,1,13,0,"Sunsari","Both Sexes",434489,1466,26916,17052,9914,5408,33671,126664,38184,19707,155115,392
50,1,13,1,"Sunsari","Male",239102,1338,17480,9841,6480,3166,20629,60719,32276,18073,68849,251
50,1,13,2,"Sunsari","Female",195387,128,9436,7211,3434,2242,13042,65945,5908,1634,86266,141
50,1,14,0,"Udayapur","Both Sexes",189990,1099,6504,5275,1857,1322,6756,122748,8263,4685,31402,79
50,1,14,1,"Udayapur","Male",94808,1002,3953,2928,1137,813,3768,55802,6830,4487,14033,55
50,1,14,2,"Udayapur","Female",95182,97,2551,2347,720,509,2988,66946,1433,198,17369,24
50,2,15,0,"Saptari","Both Sexes",323743,1109,7238,11136,3724,1796,14005,152896,17988,6023,107587,241
50,2,15,1,"Saptari","Male",178222,1046,5585,8498,2695,1365,10901,76552,16039,5804,49576,161
50,2,15,2,"Saptari","Female",145521,63,1653,2638,1029,431,3104,76344,1949,219,58011,80
50,2,16,0,"Siraha","Both Sexes",325642,389,9302,9309,3095,1917,13643,161068,13042,6472,107099,306
50,2,16,1,"Siraha","Male",171406,362,7099,6886,2263,1482,9800,79699,10804,6214,46634,163
50,2,16,2,"Siraha","Female",154236,27,2203,2423,832,435,3843,81369,2238,258,60465,143
50,2,17,0,"Dhanusa","Both Sexes",363905,1539,12969,12485,4865,2695,20209,159249,17202,9041,123439,212
50,2,17,1,"Dhanusa","Male",202482,1448,10289,9129,3857,2095,15454,83451,14385,8688,53532,154
50,2,17,2,"Dhanusa","Female",161423,91,2680,3356,1008,600,4755,75798,2817,353,69907,58
50,2,18,0,"Mahottari","Both Sexes",264996,387,7538,7792,2762,1972,13156,98496,14604,6330,111766,193
50,2,18,1,"Mahottari","Male",158551,367,5982,5778,2208,1532,10416,63127,12798,6142,50048,153
50,2,18,2,"Mahottari","Female",106445,20,1556,2014,554,440,2740,35369,1806,188,61718,40
50,2,19,0,"Sarlahi","Both Sexes",339564,747,8637,9276,3111,2326,16609,129528,21357,8457,139224,292
50,2,19,1,"Sarlahi","Male",210548,701,6767,6666,2403,1794,13262,85615,19007,8202,65907,224
50,2,19,2,"Sarlahi","Female",129016,46,1870,2610,708,532,3347,43913,2350,255,73317,68
50,2,20,0,"Rautahat","Both Sexes",340796,439,8774,8967,3213,1958,15757,142470,29266,8020,121658,274
50,2,20,1,"Rautahat","Male",203434,414,7110,6665,2448,1537,12779,83434,25529,7735,55587,196
50,2,20,2,"Rautahat","Female",137362,25,1664,2302,765,421,2978,59036,3737,285,66071,78
50,2,21,0,"Bara","Both Sexes",319827,1205,8954,7622,4310,3122,16355,122842,33702,13825,107648,242
50,2,21,1,"Bara","Male",200361,1139,7154,5347,3441,2414,13416,75314,31075,13324,47558,179
50,2,21,2,"Bara","Female",119466,66,1800,2275,869,708,2939,47528,2627,501,60090,63
50,2,22,0,"Parsa","Both Sexes",271820,1069,11178,9366,5849,3211,17145,82452,32196,11940,97183,231
50,2,22,1,"Parsa","Male",177878,1025,9822,6764,4832,2578,15089,51408,30164,11610,44406,180
50,2,22,2,"Parsa","Female",93942,44,1356,2602,1017,633,2056,31044,2032,330,52777,51
50,3,23,0,"Dolakha","Both Sexes",110854,836,3592,3546,1404,743,4484,79733,3772,2015,10696,33
50,3,23,1,"Dolakha","Male",54142,772,2321,2018,766,380,2569,35053,3211,1934,5095,23
50,3,23,2,"Dolakha","Female",56712,64,1271,1528,638,363,1915,44680,561,81,5601,10
50,3,24,0,"Sindhupalchok","Both Sexes",160831,606,5225,4501,1430,918,5497,114364,6004,3673,18577,36
50,3,24,1,"Sindhupalchok","Male",80931,549,3324,2486,883,523,3298,52565,4787,3514,8975,27
50,3,24,2,"Sindhupalchok","Female",79900,57,1901,2015,547,395,2199,61799,1217,159,9602,9
50,3,25,0,"Rasuwa","Both Sexes",27479,664,1622,806,362,315,1231,16938,1354,607,3578,2
50,3,25,1,"Rasuwa","Male",14744,627,987,460,244,183,862,7802,1167,586,1824,2
50,3,25,2,"Rasuwa","Female",12735,37,635,346,118,132,369,9136,187,21,1754,0
50,3,26,0,"Dhading","Both Sexes",193244,1266,7822,5368,1797,1323,7490,129914,7147,6787,24281,49
50,3,26,1,"Dhading","Male",96414,1177,4877,2813,1072,695,4163,58498,5608,6548,10935,28
50,3,26,2,"Dhading","Female",96830,89,2945,2555,725,628,3327,71416,1539,239,13346,21
50,3,27,0,"Nuwakot","Both Sexes",158302,2066,5907,4524,1360,1181,5545,107244,6330,3657,20448,40
50,3,27,1,"Nuwakot","Male",80060,1863,3845,2392,805,652,3357,49039,5324,3515,9240,28
50,3,27,2,"Nuwakot","Female",78242,203,2062,2132,555,529,2188,58205,1006,142,11208,12
50,3,28,0,"Kathmandu","Both Sexes",935500,21808,114667,88461,60411,51675,162270,37233,63614,32663,302494,204
50,3,28,1,"Kathmandu","Male",549080,18958,80102,55584,40270,27747,106213,18167,45537,29399,126988,115
50,3,28,2,"Kathmandu","Female",386420,2850,34565,32877,20141,23928,56057,19066,18077,3264,175506,89
50,3,29,0,"Bhaktapur","Both Sexes",223943,5187,29086,19698,14342,8635,23884,34489,27176,10605,50707,134
50,3,29,1,"Bhaktapur","Male",125728,4685,20513,11084,8624,4155,13937,14547,18475,10060,19575,73
50,3,29,2,"Bhaktapur","Female",98215,502,8573,8614,5718,4480,9947,19942,8701,545,31132,61
50,3,30,0,"Lalitpur","Both Sexes",276842,3364,33963,26825,17468,12844,32633,34388,33110,12341,69708,198
50,3,30,1,"Lalitpur","Male",156549,2843,23419,15219,10596,6412,19814,15777,23625,11527,27212,105
50,3,30,2,"Lalitpur","Female",120293,521,10544,11606,6872,6432,12819,18611,9485,814,42496,93
50,3,31,0,"Kavrepalanchok","Both Sexes",223354,3585,11351,7879,3898,2867,12316,136499,10472,6233,28194,60
50,3,31,1,"Kavrepalanchok","Male",113578,3378,7752,4258,2341,1431,7262,60721,8116,6008,12277,34
50,3,31,2,"Kavrepalanchok","Female",109776,207,3599,3621,1557,1436,5054,75778,2356,225,15917,26
50,3,32,0,"Ramechhap","Both Sexes",103798,810,2800,2970,867,582,3249,75151,3640,1571,12137,21
50,3,32,1,"Ramechhap","Male",49936,764,1778,1654,474,327,1925,32908,3114,1499,5481,12
50,3,32,2,"Ramechhap","Female",53862,46,1022,1316,393,255,1324,42243,526,72,6656,9
50,3,33,0,"Sindhuli","Both Sexes",194451,865,5411,4667,1566,965,6502,142009,7213,3698,21485,70
50,3,33,1,"Sindhuli","Male",97056,792,3358,2671,908,532,3806,64928,5878,3534,10614,35
50,3,33,2,"Sindhuli","Female",97395,73,2053,1996,658,433,2696,77081,1335,164,10871,35
50,3,34,0,"Makwanpur","Both Sexes",260487,3581,13940,7508,5148,3223,13285,140049,15007,15072,43569,105
50,3,34,1,"Makwanpur","Male",140081,3340,8967,4004,3461,1811,7986,64273,11907,14443,19813,76
50,3,34,2,"Makwanpur","Female",120406,241,4973,3504,1687,1412,5299,75776,3100,629,23756,29
50,3,35,0,"Chitawan","Both Sexes",377584,2333,34176,15625,10089,5763,28772,149566,26802,16193,87990,275
50,3,35,1,"Chitawan","Male",198943,2178,22577,8822,6030,2928,16833,65027,21729,15356,37281,182
50,3,35,2,"Chitawan","Female",178641,155,11599,6803,4059,2835,11939,84539,5073,837,50709,93
50,4,36,0,"Gorkha","Both Sexes",143901,684,5455,4602,1450,1084,5977,97067,3890,2337,21018,337
50,4,36,1,"Gorkha","Male",68420,631,3222,2500,806,564,3309,42872,3177,2228,8952,159
50,4,36,2,"Gorkha","Female",75481,53,2233,2102,644,520,2668,54195,713,109,12066,178
50,4,37,0,"Manang","Both Sexes",4306,224,599,230,201,142,499,1545,216,52,594,4
50,4,37,1,"Manang","Male",2569,224,356,139,129,88,398,678,204,48,304,1
50,4,37,2,"Manang","Female",1737,0,243,91,72,54,101,867,12,4,290,3
50,4,38,0,"Mustang","Both Sexes",9488,610,936,513,275,207,682,4328,287,166,1446,38
50,4,38,1,"Mustang","Male",5407,589,562,326,174,106,469,2037,251,163,708,22
50,4,38,2,"Mustang","Female",4081,21,374,187,101,101,213,2291,36,3,738,16
50,4,39,0,"Myagdi","Both Sexes",65633,215,3175,2326,974,716,2232,44188,2239,1045,8418,105
50,4,39,1,"Myagdi","Male",32317,210,1858,1208,596,418,1116,19889,1983,989,3989,61
50,4,39,2,"Myagdi","Female",33316,5,1317,1118,378,298,1116,24299,256,56,4429,44
50,4,40,0,"Kaski","Both Sexes",283737,2588,36569,17389,9437,6872,27607,68289,23363,11995,78593,1035
50,4,40,1,"Kaski","Male",150617,2374,22970,9375,5563,3141,16070,29613,18383,11437,31182,509
50,4,40,2,"Kaski","Female",133120,214,13599,8014,3874,3731,11537,38676,4980,558,47411,526
50,4,41,0,"Lamjung","Both Sexes",86245,970,3781,3504,1060,892,4242,52143,2983,1595,14910,165
50,4,41,1,"Lamjung","Male",41931,914,2260,1752,592,463,2201,23398,2506,1496,6269,80
50,4,41,2,"Lamjung","Female",44314,56,1521,1752,468,429,2041,28745,477,99,8641,85
50,4,42,0,"Tanahu","Both Sexes",180836,1707,11538,6581,2479,1782,9818,101880,9373,5364,29877,437
50,4,42,1,"Tanahu","Male",85557,1558,6849,3109,1365,843,4883,41548,7485,5111,12587,219
50,4,42,2,"Tanahu","Female",95279,149,4689,3472,1114,939,4935,60332,1888,253,17290,218
50,4,43,0,"Nawalparasi (Bardaghat Susta East)","Both Sexes",198883,840,15576,7208,3556,2571,11768,93596,12933,8064,42363,408
50,4,43,1,"Nawalparasi (Bardaghat Susta East)","Male",96708,764,9718,3672,2140,1212,6364,36417,9883,7684,18651,203
50,4,43,2,"Nawalparasi (Bardaghat Susta East)","Female",102175,76,5858,3536,1416,1359,5404,57179,3050,380,23712,205
50,4,44,0,"Syangja","Both Sexes",144315,389,5991,5756,1365,1343,6132,93356,5286,3266,21089,342
50,4,44,1,"Syangja","Male",65772,374,3570,2955,767,643,3301,37667,4369,3109,8853,164
50,4,44,2,"Syangja","Female",78543,15,2421,2801,598,700,2831,55689,917,157,12236,178
50,4,45,0,"Parbat","Both Sexes",71184,411,3533,3399,888,722,2648,42542,2807,1655,12467,112
50,4,45,1,"Parbat","Male",33547,387,2043,1890,521,358,1335,17766,2326,1588,5269,64
50,4,45,2,"Parbat","Female",37637,24,1490,1509,367,364,1313,24776,481,67,7198,48
50,4,46,0,"Baglung","Both Sexes",131652,959,5723,5495,1587,1217,4451,82595,4791,2075,22522,237
50,4,46,1,"Baglung","Male",60690,894,3512,2653,818,596,2415,33984,4085,1987,9634,112
50,4,46,2,"Baglung","Female",70962,65,2211,2842,769,621,2036,48611,706,88,12888,125
50,5,47,0,"Rukum (East)","Both Sexes",34591,39,838,826,244,209,622,27602,571,141,3114,385
50,5,47,1,"Rukum (East)","Male",16789,32,509,489,141,119,367,12908,470,135,1463,156
50,5,47,2,"Rukum (East)","Female",17802,7,329,337,103,90,255,14694,101,6,1651,229
50,5,48,0,"Rolpa","Both Sexes",122619,727,2571,2928,965,629,3061,86597,3531,1134,20273,203
50,5,48,1,"Rolpa","Male",57412,681,1522,1653,504,369,1822,37661,2596,1048,9447,109
50,5,48,2,"Rolpa","Female",65207,46,1049,1275,461,260,1239,48936,935,86,10826,94
50,5,49,0,"Pyuthan","Both Sexes",117609,906,3746,3524,971,787,3804,77710,4244,1604,20224,89
50,5,49,1,"Pyuthan","Male",51105,856,2271,1902,568,479,2268,29136,3487,1526,8569,43
50,5,49,2,"Pyuthan","Female",66504,50,1475,1622,403,308,1536,48574,757,78,11655,46
50,5,50,0,"Gulmi","Both Sexes",152504,240,5741,5179,1297,980,3891,109950,5082,1825,18243,76
50,5,50,1,"Gulmi","Male",66858,220,3620,2695,710,543,2224,42834,4311,1735,7919,47
50,5,50,2,"Gulmi","Female",85646,20,2121,2484,587,437,1667,67116,771,90,10324,29
50,5,51,0,"Arghakhanchi","Both Sexes",95630,271,3876,3311,925,774,3078,63476,3349,1684,14858,28
50,5,51,1,"Arghakhanchi","Male",42481,254,2505,1851,522,449,1905,24497,2803,1600,6074,21
50,5,51,2,"Arghakhanchi","Female",53149,17,1371,1460,403,325,1173,38979,546,84,8784,7
50,5,52,0,"Palpa","Both Sexes",162478,738,7679,5579,2184,1572,5657,112632,6347,3130,16652,308
50,5,52,1,"Palpa","Male",73706,690,4883,2830,1047,790,3088,44635,5154,3037,7396,156
50,5,52,2,"Palpa","Female",88772,48,2796,2749,1137,782,2569,67997,1193,93,9256,152
50,5,53,0,"Nawalparasi (Bardaghat Susta West)","Both Sexes",198249,742,9351,5715,2578,1862,9983,97296,13462,7195,49838,227
50,5,53,1,"Nawalparasi (Bardaghat Susta West)","Male",105879,677,6293,3190,1686,1118,6934,44192,11328,6970,23356,135
50,5,53,2,"Nawalparasi (Bardaghat Susta West)","Female",92370,65,3058,2525,892,744,3049,53104,2134,225,26482,92
50,5,54,0,"Rupandehi","Both Sexes",518799,3882,37566,18970,10971,7227,33592,204181,37528,20368,144000,514
50,5,54,1,"Rupandehi","Male",288899,3654,27558,11115,6894,4057,23154,99418,31626,19515,61589,319
50,5,54,2,"Rupandehi","Female",229900,228,10008,7855,4077,3170,10438,104763,5902,853,82411,195
50,5,55,0,"Kapilbastu","Both Sexes",322358,831,10308,8083,2797,1880,12507,180788,13923,7035,83988,218
50,5,55,1,"Kapilbastu","Male",176739,780,7736,4838,1964,1180,9344,94783,11826,6781,37366,141
50,5,55,2,"Kapilbastu","Female",145619,51,2572,3245,833,700,3163,86005,2097,254,46622,77
50,5,56,0,"Dang","Both Sexes",342992,2410,15695,11234,4289,3023,15664,172471,24572,11175,82083,376
50,5,56,1,"Dang","Male",173401,2221,10408,6383,2775,1752,9411,74237,20097,10694,35189,234
50,5,56,2,"Dang","Female",169591,189,5287,4851,1514,1271,6253,98234,4475,481,46894,142
50,5,57,0,"Banke","Both Sexes",284309,2130,14366,9634,5505,3550,20228,116784,16949,8430,86267,466
50,5,57,1,"Banke","Male",156317,1939,10223,5504,3711,2188,13547,55188,14410,8015,41316,276
50,5,57,2,"Banke","Female",127992,191,4143,4130,1794,1362,6681,61596,2539,415,44951,190
50,5,58,0,"Bardiya","Both Sexes",273724,1293,7387,5693,2157,1735,9762,168503,14627,4869,57472,226
50,5,58,1,"Bardiya","Male",132963,1203,4730,3270,1337,978,6030,68336,12250,4653,30029,147
50,5,58,2,"Bardiya","Female",140761,90,2657,2423,820,757,3732,100167,2377,216,27443,79
50,6,59,0,"Dolpa","Both Sexes",19875,217,927,625,259,150,770,12359,258,52,4220,38
50,6,59,1,"Dolpa","Male",10731,217,706,440,172,116,535,6306,228,46,1941,24
50,6,59,2,"Dolpa","Female",9144,0,221,185,87,34,235,6053,30,6,2279,14
50,6,60,0,"Mugu","Both Sexes",33599,243,1266,956,380,313,1192,24637,555,156,3880,21
50,6,60,1,"Mugu","Male",16885,241,825,643,247,255,749,11313,489,151,1959,13
50,6,60,2,"Mugu","Female",16714,2,441,313,133,58,443,13324,66,5,1921,8
50,6,61,0,"Humla","Both Sexes",30310,232,712,982,376,241,768,23232,304,133,3310,20
50,6,61,1,"Humla","Male",15386,231,503,730,252,176,575,10937,272,122,1578,10
50,6,61,2,"Humla","Female",14924,1,209,252,124,65,193,12295,32,11,1732,10
50,6,62,0,"Jumla","Both Sexes",62722,436,1661,1676,986,600,2315,44243,1464,402,8833,106
50,6,62,1,"Jumla","Male",31190,393,1112,1155,662,446,1640,19678,1305,385,4370,44
50,6,62,2,"Jumla","Female",31532,43,549,521,324,154,675,24565,159,17,4463,62
50,6,63,0,"Kalikot","Both Sexes",75782,237,2210,2128,655,422,1987,56786,1444,185,9676,52
50,6,63,1,"Kalikot","Male",37820,235,1434,1407,419,299,1229,26531,1219,175,4843,29
50,6,63,2,"Kalikot","Female",37962,2,776,721,236,123,758,30255,225,10,4833,23
50,6,64,0,"Dailekh","Both Sexes",132702,382,3545,3827,1121,816,3751,96260,2895,908,19079,118
50,6,64,1,"Dailekh","Male",63272,369,2133,2445,658,541,2193,42735,2338,842,8966,52
50,6,64,2,"Dailekh","Female",69430,13,1412,1382,463,275,1558,53525,557,66,10113,66
50,6,65,0,"Jajarkot","Both Sexes",113022,642,2502,2461,903,544,2788,89503,2981,427,10193,78
50,6,65,1,"Jajarkot","Male",56614,606,1651,1550,553,353,1506,42102,2410,406,5430,47
50,6,65,2,"Jajarkot","Female",56408,36,851,911,350,191,1282,47401,571,21,4763,31
50,6,66,0,"Rukum (West)","Both Sexes",103216,845,2841,3123,940,584,3033,73326,4007,718,13684,115
50,6,66,1,"Rukum (West)","Male",49827,804,1801,2107,579,345,1662,31838,3282,683,6683,43
50,6,66,2,"Rukum (West)","Female",53389,41,1040,1016,361,239,1371,41488,725,35,7001,72
50,6,67,0,"Salyan","Both Sexes",139573,762,3341,3269,950,648,3169,104031,4300,1673,17355,75
50,6,67,1,"Salyan","Male",67370,721,2152,1971,555,379,1738,45726,3433,1590,9062,43
50,6,67,2,"Salyan","Female",72203,41,1189,1298,395,269,1431,58305,867,83,8293,32
50,6,68,0,"Surkhet","Both Sexes",215532,3185,10770,7611,3517,2269,11265,122423,9373,4909,40010,200
50,6,68,1,"Surkhet","Male",106358,2950,6693,4411,2159,1318,6674,51819,7627,4670,17924,113
50,6,68,2,"Surkhet","Female",109174,235,4077,3200,1358,951,4591,70604,1746,239,22086,87
50,7,69,0,"Bajura","Both Sexes",72653,494,1419,2051,667,456,2155,55000,939,253,9191,28
50,7,69,1,"Bajura","Male",34800,485,965,1426,438,339,1348,24451,725,240,4367,16
50,7,69,2,"Bajura","Female",37853,9,454,625,229,117,807,30549,214,13,4824,12
50,7,70,0,"Bajhang","Both Sexes",103036,75,2066,3384,872,588,2677,76324,2133,490,14387,40
50,7,70,1,"Bajhang","Male",47384,69,1499,2535,548,436,1896,31686,1690,462,6539,24
50,7,70,2,"Bajhang","Female",55652,6,567,849,324,152,781,44638,443,28,7848,16
50,7,71,0,"Darchula","Both Sexes",68784,597,1573,2620,782,574,2382,46328,1481,402,12029,16
50,7,71,1,"Darchula","Male",33945,580,1246,1734,486,427,1886,20334,1229,386,5628,9
50,7,71,2,"Darchula","Female",34839,17,327,886,296,147,496,25994,252,16,6401,7
50,7,72,0,"Baitadi","Both Sexes",136750,478,2364,4087,985,568,3199,100939,3565,1012,19501,52
50,7,72,1,"Baitadi","Male",63832,455,1805,2793,630,436,2648,41317,2926,975,9810,37
50,7,72,2,"Baitadi","Female",72918,23,559,1294,355,132,551,59622,639,37,9691,15
50,7,73,0,"Dadeldhura","Both Sexes",76191,808,2637,2488,935,560,2170,53175,1978,1040,10377,23
50,7,73,1,"Dadeldhura","Male",35619,767,1942,1599,584,376,1606,21195,1607,1002,4923,18
50,7,73,2,"Dadeldhura","Female",40572,41,695,889,351,184,564,31980,371,38,5454,5
50,7,74,0,"Doti","Both Sexes",106194,1174,2311,3125,1014,680,3334,78894,1589,704,13341,28
50,7,74,1,"Doti","Male",45713,1112,1628,2070,644,476,2371,29599,1186,667,5944,16
50,7,74,2,"Doti","Female",60481,62,683,1055,370,204,963,49295,403,37,7397,12
50,7,75,0,"Achham","Both Sexes",135693,677,3081,3699,1145,648,3035,110041,1980,507,10857,23
50,7,75,1,"Achham","Male",59897,643,2159,2441,619,479,1963,44401,1557,479,5143,13
50,7,75,2,"Achham","Female",75796,34,922,1258,526,169,1072,65640,423,28,5714,10
50,7,76,0,"Kailali","Both Sexes",469414,2633,20911,15449,6248,4401,24949,238486,29619,11523,114845,350
50,7,76,1,"Kailali","Male",235124,2406,14398,9264,3997,2729,16464,99037,23427,10983,52209,210
50,7,76,2,"Kailali","Female",234290,227,6513,6185,2251,1672,8485,139449,6192,540,62636,140
50,7,77,0,"Kanchanpur","Both Sexes",310885,1694,9903,8177,3056,2029,12605,206212,12792,6213,48040,164
50,7,77,1,"Kanchanpur","Male",143417,1588,7198,4893,1980,1282,8498,78569,10115,5962,23231,101
50,7,77,2,"Kanchanpur","Female",167468,106,2705,3284,1076,747,4107,127643,2677,251,24809,63
