area,prov,dist,sex,area_name,sexname,rowtotal,a_physical,b_lowvision,c_blind,d_deaf,e_hardhear,f_deafblind,g_speech,h_mental,i_intellect,j_hemophilia,k_autism,l_multiple,m_nodisabl,n_notstd
10,0,0,0,"Nepal","Both Sexes",29164578,240609,110525,35142,51373,51520,10187,41676,28045,11358,4937,4886,57486,28509796,7038
10,0,0,1,"Nepal","Male",14253551,141434,53730,17804,26875,26099,5368,23672,14973,5869,2357,2258,30862,13898662,3588
10,0,0,2,"Nepal","Female",14911027,99175,56795,17338,24498,25421,4819,18004,13072,5489,2580,2628,26624,14611134,3450
21,0,0,0,"Urban Munipalities","Both Sexes",19296788,144750,67288,21930,29050,29998,5801,24605,17955,7246,3409,3158,35539,18902175,3884
21,0,0,1,"Urban Munipalities","Male",9454545,84863,32598,11156,14875,15016,3003,14039,9666,3737,1671,1527,18902,9241508,1984
21,0,0,2,"Urban Munipalities","Female",9842243,59887,34690,10774,14175,14982,2798,10566,8289,3509,1738,1631,16637,9660667,1900
22,0,0,0,"Rural Municipalities","Both Sexes",9867790,95859,43237,13212,22323,21522,4386,17071,10090,4112,1528,1728,21947,9607621,3154
22,0,0,1,"Rural Municipalities","Male",4799006,56571,21132,6648,12000,11083,2365,9633,5307,2132,686,731,11960,4657154,1604
22,0,0,2,"Rural Municipalities","Female",5068784,39288,22105,6564,10323,10439,2021,7438,4783,1980,842,997,9987,4950467,1550
31,0,0,0,"Mountain","Both Sexes",1772948,20968,7483,2512,4884,4223,916,3115,1451,610,241,328,4239,1721708,270
31,0,0,1,"Mountain","Male",874260,12300,3703,1241,2721,2253,487,1736,734,271,111,118,2236,846202,147
31,0,0,2,"Mountain","Female",898688,8668,3780,1271,2163,1970,429,1379,717,339,130,210,2003,875506,123
32,0,0,0,"Hill","Both Sexes",11757624,110999,47996,14235,25437,26920,4772,19315,12804,4871,2100,2229,25117,11455880,4949
32,0,0,1,"Hill","Male",5717247,64004,23387,7115,13430,13561,2518,10817,6656,2498,1011,1079,13357,5555314,2500
32,0,0,2,"Hill","Female",6040377,46995,24609,7120,12007,13359,2254,8498,6148,2373,1089,1150,11760,5900566,2449
33,0,0,0,"Tarai","Both Sexes",15634006,108642,55046,18395,21052,20377,4499,19246,13790,5877,2596,2329,28130,15332208,1819
33,0,0,1,"Tarai","Male",7662044,65130,26640,9448,10724,10285,2363,11119,7583,3100,1235,1061,15269,7497146,941
33,0,0,2,"Tarai","Female",7971962,43512,28406,8947,10328,10092,2136,8127,6207,2777,1361,1268,12861,7835062,878
40,1,0,0,"Province-1","Both Sexes",4961412,40422,19239,6367,9121,11106,2025,8520,5518,2252,857,901,10891,4843949,244
40,1,0,1,"Province-1","Male",2417328,23549,9434,3223,4777,5880,1079,4713,2842,1121,408,374,5808,2353969,151
40,1,0,2,"Province-1","Female",2544084,16873,9805,3144,4344,5226,946,3807,2676,1131,449,527,5083,2489980,93
40,2,0,0,"Madhesh","Both Sexes",6114600,34486,15818,7329,5920,3216,1362,6362,3905,1763,980,780,9479,6022953,247
40,2,0,1,"Madhesh","Male",3065751,21455,7915,3750,3057,1649,768,3908,2322,942,475,351,5348,3013675,136
40,2,0,2,"Madhesh","Female",3048849,13031,7903,3579,2863,1567,594,2454,1583,821,505,429,4131,3009278,111
40,3,0,0,"Bagmati","Both Sexes",6116866,43504,22329,6751,9401,10703,1889,7328,5660,2254,1335,1253,11693,5992474,292
40,3,0,1,"Bagmati","Male",3048684,24825,10871,3384,4997,5389,989,4047,2863,1139,630,623,6131,2982635,161
40,3,0,2,"Bagmati","Female",3068182,18679,11458,3367,4404,5314,900,3281,2797,1115,705,630,5562,3009839,131
40,4,0,0,"Gandaki","Both Sexes",2466427,24282,12158,2689,7741,7299,1154,5369,3844,1357,232,435,5770,2389496,4601
40,4,0,1,"Gandaki","Male",1170833,14184,5971,1353,4031,3556,589,2895,1983,692,120,211,3062,1129933,2253
40,4,0,2,"Gandaki","Female",1295594,10098,6187,1336,3710,3743,565,2474,1861,665,112,224,2708,1259563,2348
40,5,0,0,"Lumbini","Both Sexes",5122078,45569,21277,6066,9353,9653,1869,7147,5182,2249,958,856,10235,5000789,875
40,5,0,1,"Lumbini","Male",2454408,26930,10256,3156,4776,4845,972,4093,2852,1247,431,397,5444,2388531,478
40,5,0,2,"Lumbini","Female",2667670,18639,11021,2910,4577,4808,897,3054,2330,1002,527,459,4791,2612258,397
40,6,0,0,"Karnali","Both Sexes",1688412,23901,7471,2268,4809,4024,822,3215,1458,530,174,309,3623,1635360,448
40,6,0,1,"Karnali","Male",823761,14172,3649,1132,2667,2081,435,1872,790,249,99,149,1945,794280,241
40,6,0,2,"Karnali","Female",864651,9729,3822,1136,2142,1943,387,1343,668,281,75,160,1678,841080,207
40,7,0,0,"Sudur Paschim","Both Sexes",2694783,28445,12233,3672,5028,5519,1066,3735,2478,953,401,352,5795,2624775,331
40,7,0,1,"Sudur Paschim","Male",1272786,16319,5634,1806,2570,2699,536,2144,1321,479,194,153,3124,1235639,168
40,7,0,2,"Sudur Paschim","Female",1421997,12126,6599,1866,2458,2820,530,1591,1157,474,207,199,2671,1389136,163
50,1,1,0,"Taplejung","Both Sexes",120590,1221,437,190,227,200,76,166,91,38,17,13,323,117591,0
50,1,1,1,"Taplejung","Male",60773,704,202,102,121,119,45,94,35,13,8,3,163,59164,0
50,1,1,2,"Taplejung","Female",59817,517,235,88,106,81,31,72,56,25,9,10,160,58427,0
50,1,2,0,"Sankhuwasabha","Both Sexes",158041,1895,840,249,456,545,109,390,167,66,10,38,477,152777,22
50,1,2,1,"Sankhuwasabha","Male",79579,1070,402,130,246,296,60,223,82,30,3,10,251,76763,13
50,1,2,2,"Sankhuwasabha","Female",78462,825,438,119,210,249,49,167,85,36,7,28,226,76014,9
50,1,3,0,"Solukhumbu","Both Sexes",104851,1031,631,178,270,384,51,242,122,43,18,26,284,101561,10
50,1,3,1,"Solukhumbu","Male",52747,600,306,92,146,204,28,140,64,19,7,12,136,50987,6
50,1,3,2,"Solukhumbu","Female",52104,431,325,86,124,180,23,102,58,24,11,14,148,50574,4
50,1,4,0,"Okhaldhunga","Both Sexes",139552,1612,729,246,345,380,96,211,169,62,45,31,334,135290,2
50,1,4,1,"Okhaldhunga","Male",68080,938,342,130,182,203,47,121,77,32,21,10,195,65781,1
50,1,4,2,"Okhaldhunga","Female",71472,674,387,116,163,177,49,90,92,30,24,21,139,69509,1
50,1,5,0,"Khotang","Both Sexes",175298,1822,634,274,418,531,120,394,153,56,26,40,457,170368,5
50,1,5,1,"Khotang","Male",86637,1064,357,134,223,302,70,220,71,22,18,13,239,83900,4
50,1,5,2,"Khotang","Female",88661,758,277,140,195,229,50,174,82,34,8,27,218,86468,1
50,1,6,0,"Bhojpur","Both Sexes",157923,1917,789,236,483,732,137,437,203,96,23,20,417,152409,24
50,1,6,1,"Bhojpur","Male",78211,1090,422,128,246,397,74,263,104,51,12,8,228,75168,20
50,1,6,2,"Bhojpur","Female",79712,827,367,108,237,335,63,174,99,45,11,12,189,77241,4
50,1,7,0,"Dhankuta","Both Sexes",150599,1540,848,213,603,738,73,416,182,87,30,19,448,145391,11
50,1,7,1,"Dhankuta","Male",73824,903,402,119,351,414,39,243,91,36,14,8,240,70957,7
50,1,7,2,"Dhankuta","Female",76775,637,446,94,252,324,34,173,91,51,16,11,208,74434,4
50,1,8,0,"Terhathum","Both Sexes",88731,957,406,152,141,247,49,148,133,48,13,22,229,86178,8
50,1,8,1,"Terhathum","Male",43581,592,193,69,86,128,22,81,64,24,7,7,116,42188,4
50,1,8,2,"Terhathum","Female",45150,365,213,83,55,119,27,67,69,24,6,15,113,43990,4
50,1,9,0,"Panchthar","Both Sexes",172400,1638,684,208,328,510,94,337,223,78,43,39,405,167799,14
50,1,9,1,"Panchthar","Male",85683,960,355,94,187,267,59,172,112,35,14,13,225,83183,7
50,1,9,2,"Panchthar","Female",86717,678,329,114,141,243,35,165,111,43,29,26,180,84616,7
50,1,10,0,"Ilam","Both Sexes",279534,2311,885,368,502,773,132,465,368,115,53,35,752,272764,11
50,1,10,1,"Ilam","Male",139431,1342,451,175,276,418,71,264,180,60,27,16,409,135736,6
50,1,10,2,"Ilam","Female",140103,969,434,193,226,355,61,201,188,55,26,19,343,137028,5
50,1,11,0,"Jhapa","Both Sexes",998054,7870,4424,1136,1813,2409,337,1681,1348,479,144,192,2093,974031,97
50,1,11,1,"Jhapa","Male",478509,4512,2205,582,911,1282,171,907,671,233,64,94,1108,465710,59
50,1,11,2,"Jhapa","Female",519545,3358,2219,554,902,1127,166,774,677,246,80,98,985,508321,38
50,1,12,0,"Morang","Both Sexes",1148156,7606,3296,1348,1588,1698,316,1674,1358,615,164,213,2252,1126009,19
50,1,12,1,"Morang","Male",557512,4541,1579,699,793,859,154,921,766,316,71,80,1217,545506,10
50,1,12,2,"Morang","Female",590644,3065,1717,649,795,839,162,753,592,299,93,133,1035,580503,9
50,1,13,0,"Sunsari","Both Sexes",926962,5971,3169,1105,1137,1080,209,1182,679,322,185,160,1464,910284,15
50,1,13,1,"Sunsari","Male",449023,3463,1525,542,574,535,114,644,359,173,104,77,782,440121,10
50,1,13,2,"Sunsari","Female",477939,2508,1644,563,563,545,95,538,320,149,81,83,682,470163,5
50,1,14,0,"Udayapur","Both Sexes",340721,3031,1467,464,810,879,226,777,322,147,86,53,956,331497,6
50,1,14,1,"Udayapur","Male",163738,1770,693,227,435,456,125,420,166,77,38,23,499,158805,4
50,1,14,2,"Udayapur","Female",176983,1261,774,237,375,423,101,357,156,70,48,30,457,172692,2
50,2,15,0,"Saptari","Both Sexes",706255,4548,1499,778,788,357,215,800,462,211,87,72,966,695453,19
50,2,15,1,"Saptari","Male",351368,2851,757,399,403,183,118,514,285,102,49,28,593,345078,8
50,2,15,2,"Saptari","Female",354887,1697,742,379,385,174,97,286,177,109,38,44,373,350375,11
50,2,16,0,"Siraha","Both Sexes",739953,4804,1877,910,686,416,186,758,562,301,136,90,1219,727964,44
50,2,16,1,"Siraha","Male",363724,3019,923,464,367,225,109,472,348,151,52,47,670,356853,24
50,2,16,2,"Siraha","Female",376229,1785,954,446,319,191,77,286,214,150,84,43,549,371111,20
50,2,17,0,"Dhanusa","Both Sexes",867747,4579,2564,1157,840,496,153,910,706,315,103,119,1289,854486,30
50,2,17,1,"Dhanusa","Male",429893,2854,1268,562,423,244,76,574,434,174,58,59,744,422406,17
50,2,17,2,"Dhanusa","Female",437854,1725,1296,595,417,252,77,336,272,141,45,60,545,432080,13
50,2,18,0,"Mahottari","Both Sexes",706994,4127,1807,819,710,410,146,977,538,200,119,87,1105,695912,37
50,2,18,1,"Mahottari","Male",349159,2636,950,421,389,211,85,577,329,120,73,40,635,342672,21
50,2,18,2,"Mahottari","Female",357835,1491,857,398,321,199,61,400,209,80,46,47,470,353240,16
50,2,19,0,"Sarlahi","Both Sexes",862470,4705,2126,981,989,562,181,1153,621,256,123,134,1643,848964,32
50,2,19,1,"Sarlahi","Male",435131,2975,1105,481,529,289,105,688,358,138,54,69,971,427353,16
50,2,19,2,"Sarlahi","Female",427339,1730,1021,500,460,273,76,465,263,118,69,65,672,421611,16
50,2,20,0,"Rautahat","Both Sexes",813573,4442,1437,1072,658,306,172,811,353,193,134,111,1158,802716,10
50,2,20,1,"Rautahat","Male",408403,2674,715,551,337,166,102,498,201,100,60,44,610,402338,7
50,2,20,2,"Rautahat","Female",405170,1768,722,521,321,140,70,313,152,93,74,67,548,400378,3
50,2,21,0,"Bara","Both Sexes",763137,3915,2240,909,677,295,166,550,322,143,149,99,1266,752391,15
50,2,21,1,"Bara","Male",389787,2381,1086,482,321,142,98,350,172,79,70,37,662,383895,12
50,2,21,2,"Bara","Female",373350,1534,1154,427,356,153,68,200,150,64,79,62,604,368496,3
50,2,22,0,"Parsa","Both Sexes",654471,3366,2268,703,572,374,143,403,341,144,129,68,833,645067,60
50,2,22,1,"Parsa","Male",338286,2065,1111,390,288,189,75,235,195,78,59,27,463,333080,31
50,2,22,2,"Parsa","Female",316185,1301,1157,313,284,185,68,168,146,66,70,41,370,311987,29
50,3,23,0,"Dolakha","Both Sexes",172767,2151,1006,242,428,481,92,317,189,67,32,33,562,167163,4
50,3,23,1,"Dolakha","Male",83720,1250,464,118,240,250,41,165,91,34,15,12,268,80769,3
50,3,23,2,"Dolakha","Female",89047,901,542,124,188,231,51,152,98,33,17,21,294,86394,1
50,3,24,0,"Sindhupalchok","Both Sexes",262624,3096,1238,361,731,805,183,523,298,118,69,54,750,254385,13
50,3,24,1,"Sindhupalchok","Male",129205,1780,610,171,402,422,99,270,155,54,30,19,404,124779,10
50,3,24,2,"Sindhupalchok","Female",133419,1316,628,190,329,383,84,253,143,64,39,35,346,129606,3
50,3,25,0,"Rasuwa","Both Sexes",46689,477,183,77,96,95,21,100,45,25,18,17,139,45396,0
50,3,25,1,"Rasuwa","Male",24035,282,105,33,64,52,13,50,22,12,10,3,72,23317,0
50,3,25,2,"Rasuwa","Female",22654,195,78,44,32,43,8,50,23,13,8,14,67,22079,0
50,3,26,0,"Dhading","Both Sexes",325710,2775,2077,435,827,793,177,501,399,154,49,70,760,316639,54
50,3,26,1,"Dhading","Male",159048,1627,952,216,466,395,95,294,198,66,15,33,430,154233,28
50,3,26,2,"Dhading","Female",166662,1148,1125,219,361,398,82,207,201,88,34,37,330,162406,26
50,3,27,0,"Nuwakot","Both Sexes",263391,2381,1508,395,523,514,89,409,260,123,39,65,633,256448,4
50,3,27,1,"Nuwakot","Male",128998,1387,713,201,284,263,46,232,129,69,21,27,343,125283,0
50,3,27,2,"Nuwakot","Female",134393,994,795,194,239,251,43,177,131,54,18,38,290,131165,4
50,3,28,0,"Kathmandu","Both Sexes",2041587,10903,6037,1346,1913,2580,323,1653,1585,729,413,495,2710,2010874,26
50,3,28,1,"Kathmandu","Male",1035726,6082,2955,720,953,1252,167,932,785,388,232,311,1429,1019501,19
50,3,28,2,"Kathmandu","Female",1005861,4821,3082,626,960,1328,156,721,800,341,181,184,1281,991373,7
50,3,29,0,"Bhaktapur","Both Sexes",432132,2271,739,428,371,544,51,297,304,129,133,78,625,426130,32
50,3,29,1,"Bhaktapur","Male",218418,1310,362,230,183,255,27,163,178,80,53,35,341,215180,21
50,3,29,2,"Bhaktapur","Female",213714,961,377,198,188,289,24,134,126,49,80,43,284,210950,11
50,3,30,0,"Lalitpur","Both Sexes",551667,2868,1228,630,646,555,94,404,413,150,135,83,748,543662,51
50,3,30,1,"Lalitpur","Male",277131,1650,614,331,341,295,47,228,198,73,61,43,333,272895,22
50,3,30,2,"Lalitpur","Female",274536,1218,614,299,305,260,47,176,215,77,74,40,415,270767,29
50,3,31,0,"Kavrepalanchok","Both Sexes",364039,3105,1374,410,644,749,151,550,439,151,117,75,828,355403,43
50,3,31,1,"Kavrepalanchok","Male",178909,1706,646,211,341,360,76,297,239,64,51,25,426,174443,24
50,3,31,2,"Kavrepalanchok","Female",185130,1399,728,199,303,389,75,253,200,87,66,50,402,180960,19
50,3,32,0,"Ramechhap","Both Sexes",170302,1912,911,262,489,537,90,385,163,65,40,28,620,164794,6
50,3,32,1,"Ramechhap","Male",80824,1055,426,111,272,264,63,206,80,34,17,11,298,77983,4
50,3,32,2,"Ramechhap","Female",89478,857,485,151,217,273,27,179,83,31,23,17,322,86811,2
50,3,33,0,"Sindhuli","Both Sexes",300026,2732,1124,416,826,620,145,613,282,143,53,65,621,292379,7
50,3,33,1,"Sindhuli","Male",147065,1574,572,211,436,315,71,333,146,69,20,25,367,142920,6
50,3,33,2,"Sindhuli","Female",152961,1158,552,205,390,305,74,280,136,74,33,40,254,149459,1
50,3,34,0,"Makwanpur","Both Sexes",466073,3511,1786,717,606,863,141,646,524,154,95,77,1063,455878,12
50,3,34,1,"Makwanpur","Male",233816,2028,892,320,332,472,75,352,294,82,39,30,566,228327,7
50,3,34,2,"Makwanpur","Female",232257,1483,894,397,274,391,66,294,230,72,56,47,497,227551,5
50,3,35,0,"Chitawan","Both Sexes",719859,5322,3118,1032,1301,1567,332,930,759,246,142,113,1634,703323,40
50,3,35,1,"Chitawan","Male",351789,3094,1560,511,683,794,169,525,348,114,66,49,854,343005,17
50,3,35,2,"Chitawan","Female",368070,2228,1558,521,618,773,163,405,411,132,76,64,780,360318,23
50,4,36,0,"Gorkha","Both Sexes",251027,2968,1857,437,1049,774,164,542,353,106,21,49,678,241636,393
50,4,36,1,"Gorkha","Male",118155,1751,859,219,555,382,89,265,173,55,12,19,354,113235,187
50,4,36,2,"Gorkha","Female",132872,1217,998,218,494,392,75,277,180,51,9,30,324,128401,206
50,4,37,0,"Manang","Both Sexes",5658,59,46,8,44,27,2,21,7,5,0,3,43,5391,2
50,4,37,1,"Manang","Male",3192,38,28,4,21,15,0,13,3,2,0,1,17,3050,0
50,4,37,2,"Manang","Female",2466,21,18,4,23,12,2,8,4,3,0,2,26,2341,2
50,4,38,0,"Mustang","Both Sexes",14452,157,79,18,94,45,7,49,18,7,5,3,44,13918,8
50,4,38,1,"Mustang","Male",7934,71,43,9,41,20,1,29,9,5,1,2,14,7684,5
50,4,38,2,"Mustang","Female",6518,86,36,9,53,25,6,20,9,2,4,1,30,6234,3
50,4,39,0,"Myagdi","Both Sexes",107033,1672,489,169,764,648,55,495,176,114,6,23,494,101733,195
50,4,39,1,"Myagdi","Male",52153,973,242,83,384,326,27,236,95,48,5,13,278,49350,93
50,4,39,2,"Myagdi","Female",54880,699,247,86,380,322,28,259,81,66,1,10,216,52383,102
50,4,40,0,"Kaski","Both Sexes",600051,4435,1849,466,1217,1267,139,779,806,284,50,95,975,585840,1849
50,4,40,1,"Kaski","Male",292791,2589,899,253,632,613,77,454,440,158,27,48,498,285190,913
50,4,40,2,"Kaski","Female",307260,1846,950,213,585,654,62,325,366,126,23,47,477,300650,936
50,4,41,0,"Lamjung","Both Sexes",155852,1528,900,177,772,652,86,593,230,89,20,24,486,150115,180
50,4,41,1,"Lamjung","Male",74077,916,423,89,393,319,51,330,129,46,11,11,259,71007,93
50,4,41,2,"Lamjung","Female",81775,612,477,88,379,333,35,263,101,43,9,13,227,79108,87
50,4,42,0,"Tanahu","Both Sexes",321153,3027,1479,320,786,940,162,642,539,192,34,58,601,311541,832
50,4,42,1,"Tanahu","Male",150094,1770,754,167,427,438,83,339,288,109,17,30,331,144944,397
50,4,42,2,"Tanahu","Female",171059,1257,725,153,359,502,79,303,251,83,17,28,270,166597,435
50,4,43,0,"Nawalparasi (Bardaghat Susta East)","Both Sexes",378079,3619,2576,377,1190,1209,311,958,601,205,46,64,932,365525,466
50,4,43,1,"Nawalparasi (Bardaghat Susta East)","Male",177887,2120,1256,194,623,622,142,518,294,97,22,34,494,171254,217
50,4,43,2,"Nawalparasi (Bardaghat Susta East)","Female",200192,1499,1320,183,567,587,169,440,307,108,24,30,438,194271,249
50,4,44,0,"Syangja","Both Sexes",253024,2308,1039,227,540,656,90,482,463,135,18,47,574,246264,181
50,4,44,1,"Syangja","Male",116678,1381,526,102,291,328,46,274,254,64,11,23,298,112981,99
50,4,44,2,"Syangja","Female",136346,927,513,125,249,328,44,208,209,71,7,24,276,133283,82
50,4,45,0,"Parbat","Both Sexes",130887,1499,708,140,426,409,34,340,249,82,9,24,339,126362,266
50,4,45,1,"Parbat","Male",61678,863,342,65,225,189,18,189,112,47,3,9,185,59297,134
50,4,45,2,"Parbat","Female",69209,636,366,75,201,220,16,151,137,35,6,15,154,67065,132
50,4,46,0,"Baglung","Both Sexes",249211,3010,1136,350,859,672,104,468,402,138,23,45,604,241171,229
50,4,46,1,"Baglung","Male",116194,1712,599,168,439,304,55,248,186,61,11,21,334,111941,115
50,4,46,2,"Baglung","Female",133017,1298,537,182,420,368,49,220,216,77,12,24,270,129230,114
50,5,47,0,"Rukum (East)","Both Sexes",56786,787,233,115,381,206,50,155,21,16,15,16,161,54630,0
50,5,47,1,"Rukum (East)","Male",27516,462,110,55,217,103,33,94,11,5,6,6,69,26345,0
50,5,47,2,"Rukum (East)","Female",29270,325,123,60,164,103,17,61,10,11,9,10,92,28285,0
50,5,48,0,"Rolpa","Both Sexes",234793,3823,1294,454,809,848,179,432,205,73,73,52,674,225856,21
50,5,48,1,"Rolpa","Male",109871,2137,610,231,420,424,95,237,112,38,22,18,355,105158,14
50,5,48,2,"Rolpa","Female",124922,1686,684,223,389,424,84,195,93,35,51,34,319,120698,7
50,5,49,0,"Pyuthan","Both Sexes",232019,2566,956,318,620,471,85,440,233,85,46,35,462,225651,51
50,5,49,1,"Pyuthan","Male",104132,1497,469,149,311,229,37,230,116,50,22,18,251,100726,27
50,5,49,2,"Pyuthan","Female",127887,1069,487,169,309,242,48,210,117,35,24,17,211,124925,24
50,5,50,0,"Gulmi","Both Sexes",246494,2958,1110,365,696,648,110,567,447,173,28,51,679,238609,53
50,5,50,1,"Gulmi","Male",112025,1776,590,165,368,335,53,342,232,104,7,28,356,107638,31
50,5,50,2,"Gulmi","Female",134469,1182,520,200,328,313,57,225,215,69,21,23,323,130971,22
50,5,51,0,"Arghakhanchi","Both Sexes",177086,2429,953,211,466,628,99,407,329,100,47,37,540,170813,27
50,5,51,1,"Arghakhanchi","Male",80672,1412,511,115,223,324,51,228,183,54,19,19,317,77198,18
50,5,51,2,"Arghakhanchi","Female",96414,1017,442,96,243,304,48,179,146,46,28,18,223,93615,9
50,5,52,0,"Palpa","Both Sexes",245027,2674,1313,365,677,740,173,576,298,117,41,55,690,237286,22
50,5,52,1,"Palpa","Male",112761,1522,659,192,343,368,88,320,165,62,25,26,360,108617,14
50,5,52,2,"Palpa","Female",132266,1152,654,173,334,372,85,256,133,55,16,29,330,128669,8
50,5,53,0,"Nawalparasi (Bardaghat Susta West)","Both Sexes",386868,3434,1704,420,660,639,160,572,356,178,133,71,811,377677,53
50,5,53,1,"Nawalparasi (Bardaghat Susta West)","Male",188182,2062,784,218,324,323,76,329,195,88,51,34,427,183244,27
50,5,53,2,"Nawalparasi (Bardaghat Susta West)","Female",198686,1372,920,202,336,316,84,243,161,90,82,37,384,194433,26
50,5,54,0,"Rupandehi","Both Sexes",1121957,6573,3722,1005,1035,1181,216,1101,1009,447,251,167,1532,1103602,116
50,5,54,1,"Rupandehi","Male",550478,4013,1799,518,542,628,117,653,587,247,117,77,834,540282,64
50,5,54,2,"Rupandehi","Female",571479,2560,1923,487,493,553,99,448,422,200,134,90,698,563320,52
50,5,55,0,"Kapilbastu","Both Sexes",682961,4752,2570,747,826,806,214,698,654,339,116,95,1105,669990,49
50,5,55,1,"Kapilbastu","Male",334687,2859,1238,425,404,410,121,404,371,192,70,44,649,327473,27
50,5,55,2,"Kapilbastu","Female",348274,1893,1332,322,422,396,93,294,283,147,46,51,456,342517,22
50,5,56,0,"Dang","Both Sexes",674993,5032,1687,656,1239,1075,192,910,480,193,74,87,1211,662072,85
50,5,56,1,"Dang","Male",320573,2951,816,350,641,546,101,496,241,109,31,43,615,313584,49
50,5,56,2,"Dang","Female",354420,2081,871,306,598,529,91,414,239,84,43,44,596,348488,36
50,5,57,0,"Banke","Both Sexes",603194,5216,2356,746,930,943,185,635,576,331,72,104,1160,589672,268
50,5,57,1,"Banke","Male",296745,3152,1133,399,487,442,99,390,320,189,30,47,624,289298,135
50,5,57,2,"Banke","Female",306449,2064,1223,347,443,501,86,245,256,142,42,57,536,300374,133
50,5,58,0,"Bardiya","Both Sexes",459900,5325,3379,664,1014,1468,206,654,574,197,62,86,1210,444931,130
50,5,58,1,"Bardiya","Male",216766,3087,1537,339,496,713,101,370,319,109,31,37,587,208968,72
50,5,58,2,"Bardiya","Female",243134,2238,1842,325,518,755,105,284,255,88,31,49,623,235963,58
50,6,59,0,"Dolpa","Both Sexes",42774,540,117,54,191,93,10,114,20,11,1,5,65,41550,3
50,6,59,1,"Dolpa","Male",21371,325,57,29,103,43,7,58,6,4,0,3,43,20690,3
50,6,59,2,"Dolpa","Female",21403,215,60,25,88,50,3,56,14,7,1,2,22,20860,0
50,6,60,0,"Mugu","Both Sexes",64549,820,255,61,198,117,31,97,17,13,5,14,128,62790,3
50,6,60,1,"Mugu","Male",32381,516,123,27,123,61,15,58,11,5,3,5,54,31378,2
50,6,60,2,"Mugu","Female",32168,304,132,34,75,56,16,39,6,8,2,9,74,31412,1
50,6,61,0,"Humla","Both Sexes",55394,835,251,56,383,179,28,102,35,15,3,15,139,53346,7
50,6,61,1,"Humla","Male",27886,519,143,23,234,109,16,54,19,7,3,6,82,26668,3
50,6,61,2,"Humla","Female",27508,316,108,33,149,70,12,48,16,8,0,9,57,26678,4
50,6,62,0,"Jumla","Both Sexes",118349,1183,285,169,356,179,36,179,69,35,11,22,183,115517,125
50,6,62,1,"Jumla","Male",59228,728,159,90,209,98,25,104,38,17,4,7,112,57578,59
50,6,62,2,"Jumla","Female",59121,455,126,79,147,81,11,75,31,18,7,15,71,57939,66
50,6,63,0,"Kalikot","Both Sexes",145292,2141,632,193,327,309,57,184,101,40,10,35,216,141013,34
50,6,63,1,"Kalikot","Male",72245,1307,316,92,188,175,29,106,52,14,5,17,129,69792,23
50,6,63,2,"Kalikot","Female",73047,834,316,101,139,134,28,78,49,26,5,18,87,71221,11
50,6,64,0,"Dailekh","Both Sexes",252313,3741,1186,399,633,501,177,475,162,65,23,37,561,244321,32
50,6,64,1,"Dailekh","Male",120774,2169,570,203,332,249,95,298,87,38,12,18,291,116395,17
50,6,64,2,"Dailekh","Female",131539,1572,616,196,301,252,82,177,75,27,11,19,270,127926,15
50,6,65,0,"Jajarkot","Both Sexes",189360,4948,1251,372,719,528,170,484,179,70,42,22,578,179976,21
50,6,65,1,"Jajarkot","Male",94063,2980,627,170,397,284,93,304,96,36,22,10,294,88737,13
50,6,65,2,"Jajarkot","Female",95297,1968,624,202,322,244,77,180,83,34,20,12,284,91239,8
50,6,66,0,"Rukum (West)","Both Sexes",166740,1831,561,210,426,348,58,305,108,44,9,26,290,162493,31
50,6,66,1,"Rukum (West)","Male",81091,1092,268,106,248,178,30,174,57,21,4,12,149,78735,17
50,6,66,2,"Rukum (West)","Female",85649,739,293,104,178,170,28,131,51,23,5,14,141,83758,14
50,6,67,0,"Salyan","Both Sexes",238515,2617,1010,265,679,630,104,591,226,97,31,39,583,231625,18
50,6,67,1,"Salyan","Male",114982,1530,482,142,348,306,51,342,113,40,19,23,307,111265,14
50,6,67,2,"Salyan","Female",123533,1087,528,123,331,324,53,249,113,57,12,16,276,120360,4
50,6,68,0,"Surkhet","Both Sexes",415126,5245,1923,489,897,1140,151,684,541,140,39,94,880,402729,174
50,6,68,1,"Surkhet","Male",199740,3006,904,250,485,578,74,374,311,67,27,48,484,193042,90
50,6,68,2,"Surkhet","Female",215386,2239,1019,239,412,562,77,310,230,73,12,46,396,209687,84
50,7,69,0,"Bajura","Both Sexes",138523,2144,530,210,555,251,71,209,70,47,15,18,325,134054,24
50,7,69,1,"Bajura","Male",67070,1306,261,99,320,133,38,111,34,21,5,5,183,64542,12
50,7,69,2,"Bajura","Female",71453,838,269,111,235,118,33,98,36,26,10,13,142,69512,12
50,7,70,0,"Bajhang","Both Sexes",189085,1861,625,251,347,357,93,259,118,53,18,25,332,184738,8
50,7,70,1,"Bajhang","Male",88470,1050,306,128,164,175,46,159,63,21,12,9,176,86157,4
50,7,70,2,"Bajhang","Female",100615,811,319,123,183,182,47,100,55,32,6,16,156,98581,4
50,7,71,0,"Darchula","Both Sexes",133310,1357,328,195,181,156,49,163,84,27,9,7,229,130518,7
50,7,71,1,"Darchula","Male",64424,754,178,94,99,81,24,102,50,13,5,4,132,62884,4
50,7,71,2,"Darchula","Female",68886,603,150,101,82,75,25,61,34,14,4,3,97,67634,3
50,7,72,0,"Baitadi","Both Sexes",242157,2764,870,311,302,381,102,297,207,56,40,29,410,236373,15
50,7,72,1,"Baitadi","Male",113864,1603,416,151,163,200,48,181,123,29,28,14,240,110660,8
50,7,72,2,"Baitadi","Female",128293,1161,454,160,139,181,54,116,84,27,12,15,170,125713,7
50,7,73,0,"Dadeldhura","Both Sexes",139602,1712,608,228,336,386,62,209,147,66,28,20,362,135431,7
50,7,73,1,"Dadeldhura","Male",65893,931,265,119,172,201,35,134,83,32,13,10,211,63684,3
50,7,73,2,"Dadeldhura","Female",73709,781,343,109,164,185,27,75,64,34,15,10,151,71747,4
50,7,74,0,"Doti","Both Sexes",204831,1987,826,295,410,484,101,311,163,69,27,27,419,199686,26
50,7,74,1,"Doti","Male",93604,1092,379,134,208,223,46,163,76,42,7,7,211,91001,15
50,7,74,2,"Doti","Female",111227,895,447,161,202,261,55,148,87,27,20,20,208,108685,11
50,7,75,0,"Achham","Both Sexes",228852,3184,1219,352,498,418,129,398,198,73,37,29,471,221836,10
50,7,75,1,"Achham","Male",105319,1762,536,160,255,204,69,240,102,30,21,10,241,101685,4
50,7,75,2,"Achham","Female",123533,1422,683,192,243,214,60,158,96,43,16,19,230,120151,6
50,7,76,0,"Kailali","Both Sexes",904666,8601,4122,1138,1560,1947,276,1161,929,339,148,152,2092,882003,198
50,7,76,1,"Kailali","Male",433456,4954,1857,584,760,956,147,654,484,177,67,71,1102,421545,98
50,7,76,2,"Kailali","Female",471210,3647,2265,554,800,991,129,507,445,162,81,81,990,460458,100
50,7,77,0,"Kanchanpur","Both Sexes",513757,4835,3105,692,839,1139,183,728,562,223,79,45,1155,500136,36
50,7,77,1,"Kanchanpur","Male",240686,2867,1436,337,429,526,83,400,306,114,36,23,628,233481,20
50,7,77,2,"Kanchanpur","Female",273071,1968,1669,355,410,613,100,328,256,109,43,22,527,266655,16
