sex,agegrp,sexname,agegrpname,total,urban,rural,mountain,hill,tarai,province1,madhesh,bagmati,gandaki,lumbini,karnali,sudurpaschim
0,-1,"Both Sexes","All Ages",29164578,19296788,9867790,1772948,11757624,15634006,4961412,6114600,6116866,2466427,5122078,1688412,2694783
0,0,"Both Sexes","0 Year",411159,257022,154137,28008,153949,229202,64154,96939,67775,27965,76449,31481,46396
0,1,"Both Sexes","1 Year",450469,287761,162708,26758,167386,256325,72463,112116,78205,31710,82512,30225,43238
0,2,"Both Sexes","2 Year",510855,324976,185879,31576,178876,300403,77833,142003,82128,34861,90640,34887,48503
0,3,"Both Sexes","3 Year",531295,336793,194502,33282,184349,313664,82219,149486,82732,36394,95488,35841,49135
0,4,"Both Sexes","4 Year",535505,340549,194956,34870,193430,307205,86303,140578,87638,38000,94752,36367,51867
0,5,"Both Sexes","5 Year",568365,362634,205731,35441,196610,336314,89653,158775,90314,39240,101218,35837,53328
0,6,"Both Sexes","6 Year",562745,361182,201563,36224,203295,323226,90344,147062,93976,40989,100339,35992,54043
0,7,"Both Sexes","7 Year",534278,344144,190134,33660,195526,305092,90648,132108,88375,39711,96846,34549,52041
0,8,"Both Sexes","8 Year",599728,383572,216156,37899,207757,354072,94981,163321,92928,41502,108409,38961,59626
0,9,"Both Sexes","9 Year",501311,322545,178766,34687,200525,266099,85720,102199,92104,40581,91126,36379,53202
0,10,"Both Sexes","10 Year",646772,412115,234657,41129,221108,384535,96503,184973,100817,43056,113353,41710,66360
0,11,"Both Sexes","11 Year",475016,305311,169705,32850,195537,246629,79626,92282,88688,40085,85987,34893,53455
0,12,"Both Sexes","12 Year",638817,403600,235217,44298,231968,362551,95323,164093,103388,44685,114005,45216,72107
0,13,"Both Sexes","13 Year",556890,354174,202716,40314,223682,292894,90277,113751,100576,44173,101612,42277,64224
0,14,"Both Sexes","14 Year",592370,376839,215531,41610,233703,317057,93329,128556,104070,45816,108121,44276,68202
0,15,"Both Sexes","15 Year",607128,387403,219725,41029,238993,327106,96925,132612,108842,47224,111425,42939,67161
0,16,"Both Sexes","16 Year",608979,393255,215724,39319,235403,334257,95589,138389,112802,46026,111255,41747,63171
0,17,"Both Sexes","17 Year",537901,355930,181971,31942,224112,281847,92149,102618,111527,45821,99475,33471,52840
0,18,"Both Sexes","18 Year",708386,465224,243162,44942,267695,395749,109527,169086,136251,52362,126486,46133,68541
0,19,"Both Sexes","19 Year",504010,339145,164865,29964,218032,256014,87690,86011,114548,44812,92259,32454,46236
0,20,"Both Sexes","20 Year",704630,471169,233461,40168,259044,405418,106400,181753,137382,49490,122578,41116,65911
0,21,"Both Sexes","21 Year",487099,329655,157444,29338,213967,243794,84475,78927,112749,44176,88664,32504,45604
0,22,"Both Sexes","22 Year",596573,401066,195507,34063,233893,328617,94912,131998,125670,45508,106084,36620,55781
0,23,"Both Sexes","23 Year",490146,333021,157125,28790,211594,249762,81853,84549,115264,42925,89080,30771,45704
0,24,"Both Sexes","24 Year",504612,343496,161116,30126,213784,260702,83594,90910,119144,42771,90240,30250,47703
0,25,"Both Sexes","25 Year",621333,419398,201935,32096,224545,364692,98386,162246,126585,44342,106873,31542,51359
0,26,"Both Sexes","26 Year",499807,341305,158502,28928,210821,260058,83984,89220,118770,42241,91268,28641,45683
0,27,"Both Sexes","27 Year",410888,284064,126824,23318,178386,209184,73448,67352,101574,36907,73805,22406,35396
0,28,"Both Sexes","28 Year",571114,388104,183010,32465,229211,309438,93104,120091,130419,44379,102478,30862,49781
0,29,"Both Sexes","29 Year",356207,250456,105751,19985,167601,168621,65524,42073,94645,37140,66061,19881,30883
0,30,"Both Sexes","30 Year",645215,440110,205105,33070,221060,391085,94881,181661,128102,43565,110836,30609,55561
0,31,"Both Sexes","31 Year",307222,218013,89209,17459,148031,141732,57407,33071,86170,32085,56094,16538,25857
0,32,"Both Sexes","32 Year",452204,313765,138439,24189,185632,242383,75975,86703,106822,37418,82226,23344,39716
0,33,"Both Sexes","33 Year",391194,273538,117656,22794,179536,188864,75732,53247,102468,36401,68849,21302,33195
0,34,"Both Sexes","34 Year",351877,247674,104203,19451,160130,172296,64655,47552,92973,34153,63935,18836,29773
0,35,"Both Sexes","35 Year",618195,422942,195253,30542,201109,386544,94174,183544,116780,40025,102950,27985,52737
0,36,"Both Sexes","36 Year",385964,271342,114622,21812,168985,195167,68905,61628,99012,34859,68079,20356,33125
0,37,"Both Sexes","37 Year",300741,212606,88135,16497,137334,146910,58649,40104,80749,29960,52999,14819,23461
0,38,"Both Sexes","38 Year",448956,309392,139564,24557,181476,242923,75620,87797,104401,36456,81051,23398,40233
0,39,"Both Sexes","39 Year",287636,203162,84474,15349,135727,136560,57853,32589,78859,30035,52014,13932,22354
0,40,"Both Sexes","40 Year",621284,421699,199585,32692,209186,379406,92961,178229,121923,40921,102414,29439,55397
0,41,"Both Sexes","41 Year",235550,166687,68863,13281,113197,109072,47399,24203,67196,25122,41606,11607,18417
0,42,"Both Sexes","42 Year",363738,253821,109917,19336,155145,189257,66941,60997,91542,32369,64210,18004,29675
0,43,"Both Sexes","43 Year",288324,199607,88717,16808,135024,136492,56458,35477,76941,28974,50413,15548,24513
0,44,"Both Sexes","44 Year",238936,168019,70917,13378,114463,111095,50010,26751,66213,25047,40325,11541,19049
0,45,"Both Sexes","45 Year",465773,313372,152401,24283,152898,288592,70714,136847,87509,31538,75526,21947,41692
0,46,"Both Sexes","46 Year",260568,179340,81228,15418,123658,121492,51083,32915,68807,26856,44677,14455,21775
0,47,"Both Sexes","47 Year",195764,135208,60556,11485,95108,89171,39215,24001,54170,21017,32983,9778,14600
0,48,"Both Sexes","48 Year",308757,206033,102724,19555,133352,155850,54486,56492,74682,27557,51951,16570,27019
0,49,"Both Sexes","49 Year",205177,140473,64704,12117,101124,91936,42718,22701,56647,23025,34564,10305,15217
0,50,"Both Sexes","50 Year",499602,330152,169450,28606,181006,289990,78828,133429,100017,36646,79065,25167,46450
0,51,"Both Sexes","51 Year",202967,136708,66259,12266,99363,91338,42789,21800,54114,23185,35049,9867,16163
0,52,"Both Sexes","52 Year",270951,180292,90659,16468,122586,131897,52687,41963,67073,26843,46053,13394,22938
0,53,"Both Sexes","53 Year",231221,152259,78962,14973,111385,104863,47898,28158,59779,25105,40201,11390,18690
0,54,"Both Sexes","54 Year",209110,138649,70461,13066,101915,94129,43446,24704,55433,23286,35999,9888,16354
0,55,"Both Sexes","55 Year",336733,219264,117469,18726,116139,201868,54005,95413,62471,25386,54757,15335,29366
0,56,"Both Sexes","56 Year",212738,138990,73748,13986,100633,98119,44522,28552,52757,23260,35585,10671,17391
0,57,"Both Sexes","57 Year",154189,100716,53473,10016,75143,69030,32653,18917,38706,18364,26034,7702,11813
0,58,"Both Sexes","58 Year",221728,142056,79672,15104,101668,104956,42289,35338,51219,23571,37755,12224,19332
0,59,"Both Sexes","59 Year",150556,97306,53250,10530,77863,62163,33059,14633,39596,19399,25229,7751,10889
0,60,"Both Sexes","60 Year",359659,230481,129178,22191,132881,204587,57908,96571,69265,29846,57286,17042,31741
0,61,"Both Sexes","61 Year",136482,87877,48605,9698,69257,57527,30296,14209,34341,17970,22583,7199,9884
0,62,"Both Sexes","62 Year",178068,113679,64389,12247,81262,84559,36772,27843,40019,19511,30519,9194,14210
0,63,"Both Sexes","63 Year",150089,95640,54449,10790,72348,66951,31121,19546,35894,18263,25306,7845,12114
0,64,"Both Sexes","64 Year",131306,83542,47764,8757,65901,56648,27496,15314,32579,16600,22665,6707,9945
0,65,"Both Sexes","65 Year",246944,157363,89581,14129,83332,149483,38670,73826,42535,20046,40417,10665,20785
0,66,"Both Sexes","66 Year",133073,84791,48282,8970,64287,59816,28269,17752,31087,16566,22871,6354,10174
0,67,"Both Sexes","67 Year",116934,73735,43199,7482,58918,50534,23846,14140,29210,15490,20226,5246,8776
0,68,"Both Sexes","68 Year",158096,99225,58871,10595,65910,81591,29194,31608,32154,16437,27040,7373,14290
0,69,"Both Sexes","69 Year",116571,72721,43850,7729,52128,56714,24091,18314,25880,13501,20366,5142,9277
0,70,"Both Sexes","70 Year",220685,139439,81246,13774,72701,134210,32421,66015,35223,17816,36376,10433,22401
0,71,"Both Sexes","71 Year",101019,63715,37304,6832,47867,46320,20409,14589,22687,12145,17467,4983,8739
0,72,"Both Sexes","72 Year",121570,74880,46690,7779,51419,62372,21043,25460,24389,13209,20860,5455,11154
0,73,"Both Sexes","73 Year",89967,55829,34138,6482,42166,41319,17821,13493,19714,10977,14745,4419,8798
0,74,"Both Sexes","74 Year",76129,47670,28459,5486,36466,34177,15534,9835,17918,9478,13018,3480,6866
0,75,"Both Sexes","75 Year",120603,75358,45245,7138,42074,71391,18269,35332,21166,10440,19205,4317,11874
0,76,"Both Sexes","76 Year",71787,45616,26171,5135,36194,30458,13251,8989,18970,9011,11336,3309,6921
0,77,"Both Sexes","77 Year",69471,43470,26001,5002,38295,26174,15176,5802,19455,9645,10952,2991,5450
0,78,"Both Sexes","78 Year",61504,38665,22839,4268,29533,27703,10558,9470,14369,7726,10434,2774,6173
0,79,"Both Sexes","79 Year",29838,18922,10916,2139,16426,11273,7252,2054,8385,4571,4499,1062,2015
0,80,"Both Sexes","80 Year",62234,38849,23385,4100,24591,33543,9824,14868,12950,6369,9786,2067,6370
0,81,"Both Sexes","81 Year",24549,15782,8767,1736,13989,8824,5712,1548,6988,4082,3740,815,1664
0,82,"Both Sexes","82 Year",28369,18234,10135,2033,15766,10570,5983,2364,8300,4435,4317,874,2096
0,83,"Both Sexes","83 Year",24653,15714,8939,1856,14354,8443,5648,1448,7137,4348,3419,802,1851
0,84,"Both Sexes","84 Year",21751,14197,7554,1747,12390,7614,4772,1225,7081,3553,2895,692,1533
0,85,"Both Sexes","85 Year",25043,16308,8735,1543,10626,12874,4716,5174,6220,2735,3630,616,1952
0,86,"Both Sexes","86 Year",14508,9626,4882,1033,8122,5353,3225,1072,4735,2106,1949,400,1021
0,87,"Both Sexes","87 Year",12336,8045,4291,860,7242,4234,3029,711,4136,1924,1585,308,643
0,88,"Both Sexes","88 Year",17925,11790,6135,1285,10267,6373,4182,1319,6145,2623,2042,449,1165
0,89,"Both Sexes","89 Year",6615,4409,2206,444,3867,2304,1382,405,2260,1038,887,193,450
0,90,"Both Sexes","90 Year",13580,8726,4854,777,5500,7303,2081,3035,3224,1487,2054,335,1364
0,91,"Both Sexes","91 Year",4716,3068,1648,312,2739,1665,1121,259,1475,782,622,112,345
0,92,"Both Sexes","92 Year",4958,3278,1680,279,2799,1880,998,372,1560,830,696,125,377
0,93,"Both Sexes","93 Year",4119,2766,1353,312,2372,1435,868,250,1361,719,503,98,320
0,94,"Both Sexes","94 Year",3033,2045,988,179,1687,1167,688,196,954,491,419,72,213
0,95,"Both Sexes","95 Year",4361,2780,1581,221,1535,2605,685,1174,924,456,633,89,400
0,96,"Both Sexes","96 Year",2249,1529,720,156,1125,968,440,261,657,359,288,57,187
0,97,"Both Sexes","97 Year",1536,1033,503,108,800,628,284,160,477,229,213,43,130
0,98,"Both Sexes","98 Year",2581,1627,954,159,1285,1137,424,335,698,422,391,91,220
0,99,"Both Sexes","99 Year",1580,991,589,96,859,625,176,166,359,406,264,108,101
0,100,"Both Sexes","100 Year and above",6829,4270,2559,196,1686,4947,829,2603,968,465,1257,146,561
1,-1,"Male","All Ages",14253551,9454545,4799006,874260,5717247,7662044,2417328,3065751,3048684,1170833,2454408,823761,1272786
1,0,"Male","0 Year",219317,138136,81181,14798,81025,123494,33410,53264,35878,14770,40338,16541,25116
1,1,"Male","1 Year",240488,154608,85880,14148,88809,137531,37738,61186,41474,17013,43465,16212,23400
1,2,"Male","2 Year",269561,172553,97008,16354,94097,159110,40184,75808,43486,18579,47330,18225,25949
1,3,"Male","3 Year",278785,177911,100874,17217,97137,164431,42591,78496,43924,19429,49940,18445,25960
1,4,"Male","4 Year",282374,181115,101259,18007,102099,162268,44696,74596,46581,20318,49705,19135,27343
1,5,"Male","5 Year",299149,192233,106916,18201,103160,177788,46348,84268,48082,20897,53048,18607,27899
1,6,"Male","6 Year",294386,190718,103668,18508,106579,169299,46591,77286,49777,21672,52302,18503,28255
1,7,"Male","7 Year",276257,179838,96419,16819,101701,157737,46224,67919,46488,21206,50084,17418,26918
1,8,"Male","8 Year",313330,202394,110936,19299,108774,185257,48741,85023,49256,22064,56935,20176,31135
1,9,"Male","9 Year",260283,169253,91030,17760,104334,138189,43670,52797,48650,21486,47481,18641,27558
1,10,"Male","10 Year",338785,217722,121063,21039,115551,202195,49853,97423,53659,22570,59512,21438,34330
1,11,"Male","11 Year",246281,160058,86223,16474,100883,128924,40767,48345,46444,20884,44621,17618,27602
1,12,"Male","12 Year",330149,210105,120044,22389,119894,187866,48573,84652,54049,23118,59297,23308,37152
1,13,"Male","13 Year",281718,180859,100859,20247,113650,147821,45418,57354,52002,22617,51010,21211,32106
1,14,"Male","14 Year",299021,192174,106847,20514,118509,159998,46934,64478,53439,23585,54462,22096,34027
1,15,"Male","15 Year",305750,196845,108905,20114,120465,165171,48740,67332,56035,24077,55374,21157,33035
1,16,"Male","16 Year",306773,200564,106209,19179,118730,168864,48196,70673,58203,23627,54905,20543,30626
1,17,"Male","17 Year",272098,182072,90026,15515,112696,143887,46766,53719,57989,23174,49269,16218,24963
1,18,"Male","18 Year",360584,238602,121982,21719,134472,204393,55634,90560,71001,26578,62545,22284,31982
1,19,"Male","19 Year",249318,168976,80342,14390,107525,127403,43379,45001,58642,22171,43950,15350,20825
1,20,"Male","20 Year",331157,222960,108197,18559,124221,188377,50247,84860,69430,23831,56295,18555,27939
1,21,"Male","21 Year",233905,159437,74468,14016,103033,116856,40209,39960,56812,21119,40902,15145,19758
1,22,"Male","22 Year",280879,189639,91240,16307,110629,153943,44491,63718,62596,21052,48335,16799,23888
1,23,"Male","23 Year",223481,152626,70855,13695,98167,111619,37548,39049,56075,19288,38288,14113,19120
1,24,"Male","24 Year",231597,158005,73592,14695,99057,117845,38265,43039,57838,19148,38705,14182,20420
1,25,"Male","25 Year",278628,187255,91373,15446,102928,160254,43494,72365,60779,19226,46711,14484,21569
1,26,"Male","26 Year",228955,155724,73231,14262,97689,117004,38269,42139,57392,18242,39416,13367,20130
1,27,"Male","27 Year",191529,131118,60411,11953,83537,96039,34151,33070,49141,16143,32514,10705,15805
1,28,"Male","28 Year",258447,174617,83830,16018,105785,136644,42339,54215,62404,18981,44053,14614,21841
1,29,"Male","29 Year",164683,114237,50446,10391,78074,76218,30398,20904,45388,15978,28462,9677,13876
1,30,"Male","30 Year",288325,195183,93142,15745,100395,172185,42541,80720,60256,18438,48844,14107,23419
1,31,"Male","31 Year",144654,101624,43030,8985,70075,65594,27064,16833,41789,14243,24864,7922,11939
1,32,"Male","32 Year",206137,141976,64161,11996,85911,108230,34528,39822,51039,16171,36126,10862,17589
1,33,"Male","33 Year",176264,123075,53189,11114,82669,82481,34386,23929,48785,15704,29060,9883,14517
1,34,"Male","34 Year",163596,115193,48403,9804,76117,77675,30333,22406,45333,15203,27794,8986,13541
1,35,"Male","35 Year",280538,190755,89783,14673,91530,174335,42640,82763,55424,17056,47295,12618,22742
1,36,"Male","36 Year",178760,125676,53084,10964,79247,88549,32037,28769,47826,15345,30243,9676,14864
1,37,"Male","37 Year",141832,100626,41206,8360,65175,68297,27655,19406,39559,13364,23839,7145,10864
1,38,"Male","38 Year",200207,139211,60996,11606,82869,105732,34318,37365,49741,15742,34708,10598,17735
1,39,"Male","39 Year",135594,96027,39567,7535,63739,64320,27566,16157,38332,13217,23355,6565,10402
1,40,"Male","40 Year",294351,200613,93738,15049,95105,184197,43963,89022,58281,17531,48251,13208,24095
1,41,"Male","41 Year",114250,81226,33024,6607,53900,53743,23118,13055,33206,11252,19317,5601,8701
1,42,"Male","42 Year",175424,122894,52530,9547,72796,93081,32013,31338,44729,14337,30363,8546,14098
1,43,"Male","43 Year",131071,91989,39082,7657,61651,61763,26536,16108,36746,12486,21465,6882,10848
1,44,"Male","44 Year",113397,80641,32756,6453,53967,52977,24197,12967,32413,11282,18288,5454,8796
1,45,"Male","45 Year",226847,153169,73678,11595,71336,143916,34418,68642,43088,13960,37615,10245,18879
1,46,"Male","46 Year",124940,86835,38105,7551,58458,58931,24728,16230,33626,12197,20677,7133,10349
1,47,"Male","47 Year",95430,66764,28666,5571,45707,44152,19299,12304,27032,9606,15613,4855,6721
1,48,"Male","48 Year",141180,95668,45512,9192,60944,71044,25566,25239,35637,12198,23071,7753,11716
1,49,"Male","49 Year",99127,68756,30371,5886,48776,44465,20876,11344,28365,10607,16002,4944,6989
1,50,"Male","50 Year",241544,160839,80705,13479,84943,143122,38163,68015,49255,16606,37338,11773,20394
1,51,"Male","51 Year",101180,68945,32235,6204,48669,46307,21380,11927,27455,10992,16769,4863,7794
1,52,"Male","52 Year",135091,90659,44432,8314,60074,66703,25856,22536,33938,12624,22237,6806,11094
1,53,"Male","53 Year",110873,73861,37012,7234,53306,50333,23261,13798,29691,11569,18269,5623,8662
1,54,"Male","54 Year",103806,69260,34546,6492,50516,46798,21769,12701,28165,11173,17146,5029,7823
1,55,"Male","55 Year",170720,111251,59469,9329,56579,104812,26890,50453,31593,11862,28328,7579,14015
1,56,"Male","56 Year",106193,69645,36548,6938,49091,50164,21943,15537,26566,10967,17268,5373,8539
1,57,"Male","57 Year",78684,51484,27200,5059,37498,36127,16495,10607,19660,8783,13141,3993,6005
1,58,"Male","58 Year",106457,68405,38052,7455,48735,50267,20544,17070,25447,10914,17506,6020,8956
1,59,"Male","59 Year",75504,48865,26639,5529,38368,31607,16586,7905,19936,9200,12248,4129,5500
1,60,"Male","60 Year",174137,111582,62555,10490,62675,100972,28319,48907,33763,13584,27698,7967,13899
1,61,"Male","61 Year",68970,44404,24566,5053,34553,29364,15252,7656,17449,8677,11205,3714,5017
1,62,"Male","62 Year",87610,55745,31865,6178,39585,41847,18137,14223,19787,9140,14859,4550,6914
1,63,"Male","63 Year",71064,45248,25816,5162,34465,31437,14929,9161,17352,8568,11649,3751,5654
1,64,"Male","64 Year",64181,40749,23432,4388,32475,27318,13578,7399,16310,7898,10760,3448,4788
1,65,"Male","65 Year",120479,76479,44000,6823,39386,74270,18630,37983,20570,9170,19677,5141,9308
1,66,"Male","66 Year",65222,41403,23819,4503,31161,29558,13866,9270,15306,7785,10843,3211,4941
1,67,"Male","67 Year",58086,36621,21465,3837,28741,25508,11847,7371,14558,7339,9954,2705,4312
1,68,"Male","68 Year",77257,48289,28968,5221,31487,40549,14394,16289,15669,7650,12994,3585,6676
1,69,"Male","69 Year",58645,36234,22411,3895,25179,29571,12274,10060,12715,6374,10116,2554,4552
1,70,"Male","70 Year",104076,65680,38396,6076,32236,65764,15662,33551,16057,7844,17506,4505,8951
1,71,"Male","71 Year",49781,31329,18452,3393,23015,23373,10090,7575,11137,5766,8497,2513,4203
1,72,"Male","72 Year",58484,35944,22540,3623,23806,31055,10455,12883,11519,6119,10191,2566,4751
1,73,"Male","73 Year",42721,26431,16290,3020,19271,20430,8588,6911,9161,4890,7171,2076,3924
1,74,"Male","74 Year",36992,22838,14154,2663,17099,17230,7714,5217,8372,4478,6404,1692,3115
1,75,"Male","75 Year",57240,35379,21861,3184,18322,35734,8599,18557,9385,4603,9555,1847,4694
1,76,"Male","76 Year",33985,21353,12632,2380,16244,15361,6315,4911,8477,4101,5529,1524,3128
1,77,"Male","77 Year",32970,20365,12605,2364,17493,13113,7224,3163,8963,4423,5210,1481,2506
1,78,"Male","78 Year",30739,19130,11609,2047,13937,14755,5352,5342,6843,3626,5315,1358,2903
1,79,"Male","79 Year",16064,10056,6008,1120,8772,6172,3990,1137,4349,2463,2514,580,1031
1,80,"Male","80 Year",29104,18058,11046,1789,11031,16284,4815,7566,5652,2962,4768,950,2391
1,81,"Male","81 Year",12778,8084,4694,918,7113,4747,3019,880,3493,2071,2011,449,855
1,82,"Male","82 Year",14046,8910,5136,1025,7560,5461,3078,1298,3871,2190,2185,439,985
1,83,"Male","83 Year",11740,7327,4413,860,6804,4076,2737,757,3241,2096,1700,409,800
1,84,"Male","84 Year",10647,6815,3832,881,5944,3822,2434,635,3296,1725,1480,358,719
1,85,"Male","85 Year",11959,7604,4355,702,4891,6366,2277,2673,2723,1345,1831,295,815
1,86,"Male","86 Year",7253,4764,2489,489,3926,2838,1675,611,2195,1082,1024,207,459
1,87,"Male","87 Year",5739,3679,2060,410,3312,2017,1391,363,1832,895,787,162,309
1,88,"Male","88 Year",7967,5203,2764,525,4461,2981,1807,690,2618,1159,971,217,505
1,89,"Male","89 Year",3249,2126,1123,216,1846,1187,692,207,1063,490,498,92,207
1,90,"Male","90 Year",5789,3714,2075,277,2176,3336,935,1461,1323,608,910,112,440
1,91,"Male","91 Year",2168,1422,746,118,1279,771,511,120,660,374,332,52,119
1,92,"Male","92 Year",2151,1386,765,119,1184,848,453,183,656,370,299,59,131
1,93,"Male","93 Year",1802,1167,635,117,1046,639,389,128,585,333,230,33,104
1,94,"Male","94 Year",1281,858,423,85,703,493,299,79,378,222,196,27,80
1,95,"Male","95 Year",1870,1171,699,87,592,1191,287,563,369,191,301,30,129
1,96,"Male","96 Year",920,616,304,59,458,403,180,112,252,161,128,27,60
1,97,"Male","97 Year",616,404,212,39,312,265,95,75,190,105,97,16,38
1,98,"Male","98 Year",1008,601,407,70,483,455,170,158,254,170,155,34,67
1,99,"Male","99 Year",646,397,249,40,348,258,67,86,157,165,94,43,34
1,100,"Male","100 Year and above",2471,1511,960,58,520,1893,269,1073,307,149,470,44,159
2,-1,"Female","All Ages",14911027,9842243,5068784,898688,6040377,7971962,2544084,3048849,3068182,1295594,2667670,864651,1421997
2,0,"Female","0 Year",191842,118886,72956,13210,72924,105708,30744,43675,31897,13195,36111,14940,21280
2,1,"Female","1 Year",209981,133153,76828,12610,78577,118794,34725,50930,36731,14697,39047,14013,19838
2,2,"Female","2 Year",241294,152423,88871,15222,84779,141293,37649,66195,38642,16282,43310,16662,22554
2,3,"Female","3 Year",252510,158882,93628,16065,87212,149233,39628,70990,38808,16965,45548,17396,23175
2,4,"Female","4 Year",253131,159434,93697,16863,91331,144937,41607,65982,41057,17682,45047,17232,24524
2,5,"Female","5 Year",269216,170401,98815,17240,93450,158526,43305,74507,42232,18343,48170,17230,25429
2,6,"Female","6 Year",268359,170464,97895,17716,96716,153927,43753,69776,44199,19317,48037,17489,25788
2,7,"Female","7 Year",258021,164306,93715,16841,93825,147355,44424,64189,41887,18505,46762,17131,25123
2,8,"Female","8 Year",286398,181178,105220,18600,98983,168815,46240,78298,43672,19438,51474,18785,28491
2,9,"Female","9 Year",241028,153292,87736,16927,96191,127910,42050,49402,43454,19095,43645,17738,25644
2,10,"Female","10 Year",307987,194393,113594,20090,105557,182340,46650,87550,47158,20486,53841,20272,32030
2,11,"Female","11 Year",228735,145253,83482,16376,94654,117705,38859,43937,42244,19201,41366,17275,25853
2,12,"Female","12 Year",308668,193495,115173,21909,112074,174685,46750,79441,49339,21567,54708,21908,34955
2,13,"Female","13 Year",275172,173315,101857,20067,110032,145073,44859,56397,48574,21556,50602,21066,32118
2,14,"Female","14 Year",293349,184665,108684,21096,115194,157059,46395,64078,50631,22231,53659,22180,34175
2,15,"Female","15 Year",301378,190558,110820,20915,118528,161935,48185,65280,52807,23147,56051,21782,34126
2,16,"Female","16 Year",302206,192691,109515,20140,116673,165393,47393,67716,54599,22399,56350,21204,32545
2,17,"Female","17 Year",265803,173858,91945,16427,111416,137960,45383,48899,53538,22647,50206,17253,27877
2,18,"Female","18 Year",347802,226622,121180,23223,133223,191356,53893,78526,65250,25784,63941,23849,36559
2,19,"Female","19 Year",254692,170169,84523,15574,110507,128611,44311,41010,55906,22641,48309,17104,25411
2,20,"Female","20 Year",373473,248209,125264,21609,134823,217041,56153,96893,67952,25659,66283,22561,37972
2,21,"Female","21 Year",253194,170218,82976,15322,110934,126938,44266,38967,55937,23057,47762,17359,25846
2,22,"Female","22 Year",315694,211427,104267,17756,123264,174674,50421,68280,63074,24456,57749,19821,31893
2,23,"Female","23 Year",266665,180395,86270,15095,113427,138143,44305,45500,59189,23637,50792,16658,26584
2,24,"Female","24 Year",273015,185491,87524,15431,114727,142857,45329,47871,61306,23623,51535,16068,27283
2,25,"Female","25 Year",342705,232143,110562,16650,121617,204438,54892,89881,65806,25116,60162,17058,29790
2,26,"Female","26 Year",270852,185581,85271,14666,113132,143054,45715,47081,61378,23999,51852,15274,25553
2,27,"Female","27 Year",219359,152946,66413,11365,94849,113145,39297,34282,52433,20764,41291,11701,19591
2,28,"Female","28 Year",312667,213487,99180,16447,123426,172794,50765,65876,68015,25398,58425,16248,27940
2,29,"Female","29 Year",191524,136219,55305,9594,89527,92403,35126,21169,49257,21162,37599,10204,17007
2,30,"Female","30 Year",356890,244927,111963,17325,120665,218900,52340,100941,67846,25127,61992,16502,32142
2,31,"Female","31 Year",162568,116389,46179,8474,77956,76138,30343,16238,44381,17842,31230,8616,13918
2,32,"Female","32 Year",246067,171789,74278,12193,99721,134153,41447,46881,55783,21247,46100,12482,22127
2,33,"Female","33 Year",214930,150463,64467,11680,96867,106383,41346,29318,53683,20697,39789,11419,18678
2,34,"Female","34 Year",188281,132481,55800,9647,84013,94621,34322,25146,47640,18950,36141,9850,16232
2,35,"Female","35 Year",337657,232187,105470,15869,109579,212209,51534,100781,61356,22969,55655,15367,29995
2,36,"Female","36 Year",207204,145666,61538,10848,89738,106618,36868,32859,51186,19514,37836,10680,18261
2,37,"Female","37 Year",158909,111980,46929,8137,72159,78613,30994,20698,41190,16596,29160,7674,12597
2,38,"Female","38 Year",248749,170181,78568,12951,98607,137191,41302,50432,54660,20714,46343,12800,22498
2,39,"Female","39 Year",152042,107135,44907,7814,71988,72240,30287,16432,40527,16818,28659,7367,11952
2,40,"Female","40 Year",326933,221086,105847,17643,114081,195209,48998,89207,63642,23390,54163,16231,31302
2,41,"Female","41 Year",121300,85461,35839,6674,59297,55329,24281,11148,33990,13870,22289,6006,9716
2,42,"Female","42 Year",188314,130927,57387,9789,82349,96176,34928,29659,46813,18032,33847,9458,15577
2,43,"Female","43 Year",157253,107618,49635,9151,73373,74729,29922,19369,40195,16488,28948,8666,13665
2,44,"Female","44 Year",125539,87378,38161,6925,60496,58118,25813,13784,33800,13765,22037,6087,10253
2,45,"Female","45 Year",238926,160203,78723,12688,81562,144676,36296,68205,44421,17578,37911,11702,22813
2,46,"Female","46 Year",135628,92505,43123,7867,65200,62561,26355,16685,35181,14659,24000,7322,11426
2,47,"Female","47 Year",100334,68444,31890,5914,49401,45019,19916,11697,27138,11411,17370,4923,7879
2,48,"Female","48 Year",167577,110365,57212,10363,72408,84806,28920,31253,39045,15359,28880,8817,15303
2,49,"Female","49 Year",106050,71717,34333,6231,52348,47471,21842,11357,28282,12418,18562,5361,8228
2,50,"Female","50 Year",258058,169313,88745,15127,96063,146868,40665,65414,50762,20040,41727,13394,26056
2,51,"Female","51 Year",101787,67763,34024,6062,50694,45031,21409,9873,26659,12193,18280,5004,8369
2,52,"Female","52 Year",135860,89633,46227,8154,62512,65194,26831,19427,33135,14219,23816,6588,11844
2,53,"Female","53 Year",120348,78398,41950,7739,58079,54530,24637,14360,30088,13536,21932,5767,10028
2,54,"Female","54 Year",105304,69389,35915,6574,51399,47331,21677,12003,27268,12113,18853,4859,8531
2,55,"Female","55 Year",166013,108013,58000,9397,59560,97056,27115,44960,30878,13524,26429,7756,15351
2,56,"Female","56 Year",106545,69345,37200,7048,51542,47955,22579,13015,26191,12293,18317,5298,8852
2,57,"Female","57 Year",75505,49232,26273,4957,37645,32903,16158,8310,19046,9581,12893,3709,5808
2,58,"Female","58 Year",115271,73651,41620,7649,52933,54689,21745,18268,25772,12657,20249,6204,10376
2,59,"Female","59 Year",75052,48441,26611,5001,39495,30556,16473,6728,19660,10199,12981,3622,5389
2,60,"Female","60 Year",185522,118899,66623,11701,70206,103615,29589,47664,35502,16262,29588,9075,17842
2,61,"Female","61 Year",67512,43473,24039,4645,34704,28163,15044,6553,16892,9293,11378,3485,4867
2,62,"Female","62 Year",90458,57934,32524,6069,41677,42712,18635,13620,20232,10371,15660,4644,7296
2,63,"Female","63 Year",79025,50392,28633,5628,37883,35514,16192,10385,18542,9695,13657,4094,6460
2,64,"Female","64 Year",67125,42793,24332,4369,33426,29330,13918,7915,16269,8702,11905,3259,5157
2,65,"Female","65 Year",126465,80884,45581,7306,43946,75213,20040,35843,21965,10876,20740,5524,11477
2,66,"Female","66 Year",67851,43388,24463,4467,33126,30258,14403,8482,15781,8781,12028,3143,5233
2,67,"Female","67 Year",58848,37114,21734,3645,30177,25026,11999,6769,14652,8151,10272,2541,4464
2,68,"Female","68 Year",80839,50936,29903,5374,34423,41042,14800,15319,16485,8787,14046,3788,7614
2,69,"Female","69 Year",57926,36487,21439,3834,26949,27143,11817,8254,13165,7127,10250,2588,4725
2,70,"Female","70 Year",116609,73759,42850,7698,40465,68446,16759,32464,19166,9972,18870,5928,13450
2,71,"Female","71 Year",51238,32386,18852,3439,24852,22947,10319,7014,11550,6379,8970,2470,4536
2,72,"Female","72 Year",63086,38936,24150,4156,27613,31317,10588,12577,12870,7090,10669,2889,6403
2,73,"Female","73 Year",47246,29398,17848,3462,22895,20889,9233,6582,10553,6087,7574,2343,4874
2,74,"Female","74 Year",39137,24832,14305,2823,19367,16947,7820,4618,9546,5000,6614,1788,3751
2,75,"Female","75 Year",63363,39979,23384,3954,23752,35657,9670,16775,11781,5837,9650,2470,7180
2,76,"Female","76 Year",37802,24263,13539,2755,19950,15097,6936,4078,10493,4910,5807,1785,3793
2,77,"Female","77 Year",36501,23105,13396,2638,20802,13061,7952,2639,10492,5222,5742,1510,2944
2,78,"Female","78 Year",30765,19535,11230,2221,15596,12948,5206,4128,7526,4100,5119,1416,3270
2,79,"Female","79 Year",13774,8866,4908,1019,7654,5101,3262,917,4036,2108,1985,482,984
2,80,"Female","80 Year",33130,20791,12339,2311,13560,17259,5009,7302,7298,3407,5018,1117,3979
2,81,"Female","81 Year",11771,7698,4073,818,6876,4077,2693,668,3495,2011,1729,366,809
2,82,"Female","82 Year",14323,9324,4999,1008,8206,5109,2905,1066,4429,2245,2132,435,1111
2,83,"Female","83 Year",12913,8387,4526,996,7550,4367,2911,691,3896,2252,1719,393,1051
2,84,"Female","84 Year",11104,7382,3722,866,6446,3792,2338,590,3785,1828,1415,334,814
2,85,"Female","85 Year",13084,8704,4380,841,5735,6508,2439,2501,3497,1390,1799,321,1137
2,86,"Female","86 Year",7255,4862,2393,544,4196,2515,1550,461,2540,1024,925,193,562
2,87,"Female","87 Year",6597,4366,2231,450,3930,2217,1638,348,2304,1029,798,146,334
2,88,"Female","88 Year",9958,6587,3371,760,5806,3392,2375,629,3527,1464,1071,232,660
2,89,"Female","89 Year",3366,2283,1083,228,2021,1117,690,198,1197,548,389,101,243
2,90,"Female","90 Year",7791,5012,2779,500,3324,3967,1146,1574,1901,879,1144,223,924
2,91,"Female","91 Year",2548,1646,902,194,1460,894,610,139,815,408,290,60,226
2,92,"Female","92 Year",2807,1892,915,160,1615,1032,545,189,904,460,397,66,246
2,93,"Female","93 Year",2317,1599,718,195,1326,796,479,122,776,386,273,65,216
2,94,"Female","94 Year",1752,1187,565,94,984,674,389,117,576,269,223,45,133
2,95,"Female","95 Year",2491,1609,882,134,943,1414,398,611,555,265,332,59,271
2,96,"Female","96 Year",1329,913,416,97,667,565,260,149,405,198,160,30,127
2,97,"Female","97 Year",920,629,291,69,488,363,189,85,287,124,116,27,92
2,98,"Female","98 Year",1573,1026,547,89,802,682,254,177,444,252,236,57,153
2,99,"Female","99 Year",934,594,340,56,511,367,109,80,202,241,170,65,67
2,100,"Female","100 Year and above",4358,2759,1599,138,1166,3054,560,1530,661,316,787,102,402
,999,"","Not stated",,,,,,,,,,,,,
